(age,age)	28966
(age,american)	3554
(age,april)	784
(age,area)	881
(age,both)	857
(age,century)	1054
(age,city)	7543
(age,county)	4600
(age,december)	626
(age,early)	1582
(age,film)	605
(age,first)	2599
(age,high)	1063
(age,history)	1713
(age,including)	4773
(age,january)	686
(age,john)	997
(age,july)	638
(age,june)	635
(age,known)	1195
(age,life)	1446
(age,made)	4312
(age,march)	634
(age,national)	945
(age,news)	629
(age,north)	760
(age,november)	585
(age,october)	638
(age,org)	909
(age,part)	973
(age,people)	2974
(age,population)	14346
(age,press)	839
(age,school)	1940
(age,september)	580
(age,south)	623
(age,state)	1035
(age,states)	944
(age,three)	1103
(age,through)	973
(age,time)	1940
(age,town)	4047
(age,two)	3100
(age,united)	1012
(age,university)	1203
(age,war)	911
(age,world)	1495
(age,year)	1627
(age,years)	20103
(age,york)	993
(american,age)	3554
(american,american)	51032
(american,april)	2922
(american,area)	1557
(american,both)	1883
(american,century)	2172
(american,city)	4919
(american,county)	2927
(american,december)	2472
(american,early)	2418
(american,film)	5113
(american,first)	6589
(american,high)	1840
(american,history)	4305
(american,including)	2388
(american,january)	3101
(american,john)	5223
(american,july)	2455
(american,june)	2711
(american,known)	2743
(american,life)	2656
(american,made)	3288
(american,march)	2790
(american,national)	4021
(american,news)	1982
(american,north)	3127
(american,november)	2345
(american,october)	2557
(american,org)	3117
(american,part)	1902
(american,people)	9733
(american,population)	6989
(american,press)	3259
(american,school)	2113
(american,september)	2707
(american,south)	2639
(american,state)	2893
(american,states)	6924
(american,three)	1969
(american,through)	1791
(american,time)	3679
(american,town)	1805
(american,two)	6476
(american,united)	6989
(american,university)	5379
(american,war)	5637
(american,world)	4399
(american,year)	2522
(american,years)	2944
(american,york)	5554
(april,age)	784
(april,american)	2922
(april,april)	14928
(april,area)	1131
(april,both)	1641
(april,century)	991
(april,city)	2726
(april,county)	1253
(april,december)	3165
(april,early)	1567
(april,film)	1502
(april,first)	5281
(april,high)	1520
(april,history)	2334
(april,including)	1711
(april,january)	3449
(april,john)	2046
(april,july)	3433
(april,june)	3788
(april,known)	1726
(april,life)	1680
(april,made)	1824
(april,march)	5185
(april,national)	2368
(april,news)	4552
(april,north)	1362
(april,november)	2991
(april,october)	3393
(april,org)	3333
(april,part)	1850
(april,people)	2438
(april,population)	897
(april,press)	1695
(april,school)	1460
(april,september)	3281
(april,south)	1517
(april,state)	2027
(april,states)	2155
(april,three)	1863
(april,through)	1574
(april,time)	3386
(april,town)	974
(april,two)	3748
(april,united)	2864
(april,university)	2358
(april,war)	2468
(april,world)	3268
(april,year)	2596
(april,years)	2283
(april,york)	2301
(area,age)	881
(area,american)	1557
(area,april)	1131
(area,area)	12404
(area,both)	1628
(area,century)	2022
(area,city)	8743
(area,county)	6453
(area,december)	951
(area,early)	1708
(area,film)	449
(area,first)	3621
(area,high)	2080
(area,history)	2925
(area,including)	1954
(area,january)	1049
(area,john)	981
(area,july)	999
(area,june)	966
(area,known)	2680
(area,life)	769
(area,made)	1433
(area,march)	1098
(area,national)	2434
(area,news)	913
(area,north)	4134
(area,november)	863
(area,october)	893
(area,org)	1384
(area,part)	3587
(area,people)	3213
(area,population)	4185
(area,press)	650
(area,school)	2019
(area,september)	1040
(area,south)	3739
(area,state)	2759
(area,states)	3517
(area,three)	1770
(area,through)	2313
(area,time)	2218
(area,town)	4031
(area,two)	3531
(area,united)	3491
(area,university)	1596
(area,war)	1789
(area,world)	1917
(area,year)	1432
(area,years)	1870
(area,york)	1093
(both,age)	857
(both,american)	1883
(both,april)	1641
(both,area)	1628
(both,both)	5592
(both,century)	2068
(both,city)	2327
(both,county)	910
(both,december)	1300
(both,early)	2313
(both,film)	1482
(both,first)	6536
(both,high)	2505
(both,history)	2438
(both,including)	2403
(both,january)	1460
(both,john)	1799
(both,july)	1410
(both,june)	1372
(both,known)	3012
(both,life)	2250
(both,made)	2810
(both,march)	1599
(both,national)	2028
(both,news)	1634
(both,north)	1639
(both,november)	1342
(both,october)	1374
(both,org)	1760
(both,part)	2500
(both,people)	2449
(both,population)	774
(both,press)	1387
(both,school)	1527
(both,september)	1530
(both,south)	1675
(both,state)	2404
(both,states)	2233
(both,three)	2988
(both,through)	3125
(both,time)	4969
(both,town)	1001
(both,two)	7576
(both,united)	2165
(both,university)	2130
(both,war)	2657
(both,world)	3402
(both,year)	2345
(both,years)	2776
(both,york)	1536
(century,age)	1054
(century,american)	2172
(century,april)	991
(century,area)	2022
(century,both)	2068
(century,century)	13140
(century,city)	3478
(century,county)	898
(century,december)	843
(century,early)	5060
(century,film)	717
(century,first)	6548
(century,high)	1234
(century,history)	4791
(century,including)	1819
(century,january)	992
(century,john)	2480
(century,july)	759
(century,june)	837
(century,known)	3355
(century,life)	1847
(century,made)	2354
(century,march)	1068
(century,national)	1441
(century,news)	586
(century,north)	1939
(century,november)	721
(century,october)	808
(century,org)	1378
(century,part)	2646
(century,people)	3428
(century,population)	1443
(century,press)	2146
(century,school)	1121
(century,september)	830
(century,south)	1765
(century,state)	1898
(century,states)	1805
(century,three)	1769
(century,through)	2060
(century,time)	3599
(century,town)	2234
(century,two)	3351
(century,united)	1515
(century,university)	2593
(century,war)	2630
(century,world)	3076
(century,year)	1656
(century,years)	2312
(century,york)	1512
(city,age)	7543
(city,american)	4919
(city,april)	2726
(city,area)	8743
(city,both)	2327
(city,century)	3478
(city,city)	48716
(city,county)	9974
(city,december)	2240
(city,early)	2426
(city,film)	1569
(city,first)	6974
(city,high)	2820
(city,history)	5102
(city,including)	4056
(city,january)	2625
(city,john)	2465
(city,july)	2432
(city,june)	2384
(city,known)	3545
(city,life)	1827
(city,made)	2755
(city,march)	2616
(city,national)	3981
(city,news)	2855
(city,north)	5407
(city,november)	2414
(city,october)	2467
(city,org)	2693
(city,part)	4067
(city,people)	6194
(city,population)	9326
(city,press)	1835
(city,school)	4095
(city,september)	2678
(city,south)	5314
(city,state)	6346
(city,states)	6749
(city,three)	2856
(city,through)	3035
(city,time)	3957
(city,town)	5497
(city,two)	6070
(city,united)	7225
(city,university)	4329
(city,war)	3318
(city,world)	4538
(city,year)	3565
(city,years)	5573
(city,york)	7194
(county,age)	4600
(county,american)	2927
(county,april)	1253
(county,area)	6453
(county,both)	910
(county,century)	898
(county,city)	9974
(county,county)	75224
(county,december)	1165
(county,early)	1163
(county,film)	301
(county,first)	2686
(county,high)	1473
(county,history)	3873
(county,including)	1983
(county,january)	1250
(county,john)	1824
(county,july)	1104
(county,june)	1033
(county,known)	1163
(county,life)	597
(county,made)	956
(county,march)	1353
(county,national)	3580
(county,news)	1076
(county,north)	6033
(county,november)	1102
(county,october)	818
(county,org)	1849
(county,part)	3286
(county,people)	3325
(county,population)	6822
(county,press)	576
(county,school)	3880
(county,september)	959
(county,south)	4976
(county,state)	8620
(county,states)	7087
(county,three)	1285
(county,through)	1515
(county,time)	1245
(county,town)	7326
(county,two)	2582
(county,united)	6970
(county,university)	1822
(county,war)	2419
(county,world)	836
(county,year)	1535
(county,years)	2236
(county,york)	2883
(december,age)	626
(december,american)	2472
(december,april)	3165
(december,area)	951
(december,both)	1300
(december,century)	843
(december,city)	2240
(december,county)	1165
(december,december)	12724
(december,early)	1422
(december,film)	1576
(december,first)	4541
(december,high)	1180
(december,history)	1944
(december,including)	1404
(december,january)	4304
(december,john)	2010
(december,july)	2874
(december,june)	2945
(december,known)	1430
(december,life)	1522
(december,made)	1499
(december,march)	3674
(december,national)	2076
(december,news)	3820
(december,north)	1170
(december,november)	3875
(december,october)	3436
(december,org)	2658
(december,part)	1434
(december,people)	2012
(december,population)	738
(december,press)	1424
(december,school)	1157
(december,september)	3014
(december,south)	1320
(december,state)	1894
(december,states)	1947
(december,three)	1618
(december,through)	1386
(december,time)	2832
(december,town)	643
(december,two)	3031
(december,united)	2497
(december,university)	1729
(december,war)	2082
(december,world)	2682
(december,year)	2480
(december,years)	1940
(december,york)	2028
(early,age)	1582
(early,american)	2418
(early,april)	1567
(early,area)	1708
(early,both)	2313
(early,century)	5060
(early,city)	2426
(early,county)	1163
(early,december)	1422
(early,early)	6018
(early,film)	1412
(early,first)	7206
(early,high)	1851
(early,history)	4087
(early,including)	2205
(early,january)	1492
(early,john)	2359
(early,july)	1383
(early,june)	1372
(early,known)	3453
(early,life)	3201
(early,made)	2574
(early,march)	1637
(early,national)	1561
(early,news)	1301
(early,north)	1587
(early,november)	1320
(early,october)	1427
(early,org)	1686
(early,part)	2383
(early,people)	1968
(early,population)	752
(early,press)	1832
(early,school)	1889
(early,september)	1461
(early,south)	1503
(early,state)	1811
(early,states)	1844
(early,three)	2223
(early,through)	2271
(early,time)	4424
(early,town)	1452
(early,two)	4374
(early,united)	1815
(early,university)	2468
(early,war)	2558
(early,world)	2922
(early,year)	2171
(early,years)	3512
(early,york)	2042
(film,age)	605
(film,american)	5113
(film,april)	1502
(film,area)	449
(film,both)	1482
(film,century)	717
(film,city)	1569
(film,county)	301
(film,december)	1576
(film,early)	1412
(film,film)	34784
(film,first)	5338
(film,high)	1048
(film,history)	1417
(film,including)	1824
(film,january)	1565
(film,john)	2705
(film,july)	1719
(film,june)	1362
(film,known)	1478
(film,life)	2726
(film,made)	2823
(film,march)	1484
(film,national)	1562
(film,news)	1940
(film,north)	714
(film,november)	1339
(film,october)	1680
(film,org)	1522
(film,part)	1727
(film,people)	2033
(film,population)	90
(film,press)	1244
(film,school)	962
(film,september)	1540
(film,south)	624
(film,state)	606
(film,states)	1305
(film,three)	1712
(film,through)	1274
(film,time)	3760
(film,town)	578
(film,two)	3221
(film,united)	1608
(film,university)	1155
(film,war)	1581
(film,world)	2615
(film,year)	2628
(film,years)	1888
(film,york)	2708
(first,age)	2599
(first,american)	6589
(first,april)	5281
(first,area)	3621
(first,both)	6536
(first,century)	6548
(first,city)	6974
(first,county)	2686
(first,december)	4541
(first,early)	7206
(first,film)	5338
(first,first)	37012
(first,high)	4426
(first,history)	9122
(first,including)	5295
(first,january)	4983
(first,john)	6357
(first,july)	4950
(first,june)	4835
(first,known)	7399
(first,life)	5610
(first,made)	7808
(first,march)	5066
(first,national)	5481
(first,news)	4932
(first,north)	3852
(first,november)	4506
(first,october)	5011
(first,org)	4128
(first,part)	6584
(first,people)	5056
(first,population)	1708
(first,press)	3792
(first,school)	4290
(first,september)	4945
(first,south)	3930
(first,state)	5337
(first,states)	5633
(first,three)	8546
(first,through)	5906
(first,time)	14511
(first,town)	3467
(first,two)	16333
(first,united)	6489
(first,university)	6059
(first,war)	8179
(first,world)	10680
(first,year)	9061
(first,years)	9178
(first,york)	4849
(high,age)	1063
(high,american)	1840
(high,april)	1520
(high,area)	2080
(high,both)	2505
(high,century)	1234
(high,city)	2820
(high,county)	1473
(high,december)	1180
(high,early)	1851
(high,film)	1048
(high,first)	4426
(high,high)	13926
(high,history)	1710
(high,including)	2136
(high,january)	1390
(high,john)	1361
(high,july)	1430
(high,june)	1246
(high,known)	2604
(high,life)	1574
(high,made)	2336
(high,march)	1433
(high,national)	2075
(high,news)	1528
(high,north)	1839
(high,november)	1190
(high,october)	1186
(high,org)	2103
(high,part)	2049
(high,people)	2055
(high,population)	909
(high,press)	1108
(high,school)	13014
(high,september)	1276
(high,south)	1782
(high,state)	2296
(high,states)	1736
(high,three)	2440
(high,through)	2683
(high,time)	3781
(high,town)	1301
(high,two)	4803
(high,united)	1759
(high,university)	2407
(high,war)	1497
(high,world)	2534
(high,year)	2197
(high,years)	2302
(high,york)	1324
(history,age)	1713
(history,american)	4305
(history,april)	2334
(history,area)	2925
(history,both)	2438
(history,century)	4791
(history,city)	5102
(history,county)	3873
(history,december)	1944
(history,early)	4087
(history,film)	1417
(history,first)	9122
(history,high)	1710
(history,history)	18090
(history,including)	2586
(history,january)	2182
(history,john)	4057
(history,july)	2045
(history,june)	2004
(history,known)	3714
(history,life)	2619
(history,made)	2509
(history,march)	2345
(history,national)	3576
(history,news)	1814
(history,north)	2735
(history,november)	1909
(history,october)	1942
(history,org)	3904
(history,part)	3219
(history,people)	3648
(history,population)	1765
(history,press)	5565
(history,school)	2136
(history,september)	2072
(history,south)	2534
(history,state)	3472
(history,states)	4039
(history,three)	2533
(history,through)	2644
(history,time)	4884
(history,town)	2888
(history,two)	4558
(history,united)	4056
(history,university)	6478
(history,war)	4642
(history,world)	5222
(history,year)	2676
(history,years)	3690
(history,york)	3524
(including,age)	4773
(including,american)	2388
(including,april)	1711
(including,area)	1954
(including,both)	2403
(including,century)	1819
(including,city)	4056
(including,county)	1983
(including,december)	1404
(including,early)	2205
(including,film)	1824
(including,first)	5295
(including,high)	2136
(including,history)	2586
(including,including)	4304
(including,january)	1576
(including,john)	1991
(including,july)	1474
(including,june)	1504
(including,known)	2828
(including,life)	1935
(including,made)	2371
(including,march)	1612
(including,national)	2346
(including,news)	1784
(including,north)	1781
(including,november)	1343
(including,october)	1477
(including,org)	2198
(including,part)	2324
(including,people)	2378
(including,population)	2311
(including,press)	1297
(including,school)	1767
(including,september)	1618
(including,south)	1682
(including,state)	2386
(including,states)	2128
(including,three)	2453
(including,through)	2356
(including,time)	3863
(including,town)	1808
(including,two)	4475
(including,united)	2245
(including,university)	2341
(including,war)	2378
(including,world)	3301
(including,year)	2289
(including,years)	2948
(including,york)	1616
(january,age)	686
(january,american)	3101
(january,april)	3449
(january,area)	1049
(january,both)	1460
(january,century)	992
(january,city)	2625
(january,county)	1250
(january,december)	4304
(january,early)	1492
(january,film)	1565
(january,first)	4983
(january,high)	1390
(january,history)	2182
(january,including)	1576
(january,january)	15706
(january,john)	2281
(january,july)	3001
(january,june)	3074
(january,known)	1542
(january,life)	1611
(january,made)	1714
(january,march)	4114
(january,national)	2243
(january,news)	4173
(january,north)	1385
(january,november)	3237
(january,october)	3131
(january,org)	2820
(january,part)	1644
(january,people)	2032
(january,population)	849
(january,press)	1487
(january,school)	1201
(january,september)	3231
(january,south)	1361
(january,state)	2242
(january,states)	2293
(january,three)	1576
(january,through)	1395
(january,time)	3166
(january,town)	820
(january,two)	3053
(january,united)	2732
(january,university)	2078
(january,war)	2109
(january,world)	2708
(january,year)	2804
(january,years)	2182
(january,york)	2078
(john,age)	997
(john,american)	5223
(john,april)	2046
(john,area)	981
(john,both)	1799
(john,century)	2480
(john,city)	2465
(john,county)	1824
(john,december)	2010
(john,early)	2359
(john,film)	2705
(john,first)	6357
(john,high)	1361
(john,history)	4057
(john,including)	1991
(john,january)	2281
(john,john)	26638
(john,july)	2082
(john,june)	2235
(john,known)	2311
(john,life)	3033
(john,made)	2173
(john,march)	2507
(john,national)	2343
(john,news)	1910
(john,north)	1926
(john,november)	1962
(john,october)	2096
(john,org)	2074
(john,part)	2009
(john,people)	2649
(john,population)	469
(john,press)	4151
(john,school)	1979
(john,september)	1897
(john,south)	1762
(john,state)	2528
(john,states)	2966
(john,three)	2355
(john,through)	1716
(john,time)	3775
(john,town)	1325
(john,two)	3875
(john,united)	3523
(john,university)	4690
(john,war)	3020
(john,world)	2996
(john,year)	2361
(john,years)	2774
(john,york)	3638
(july,age)	638
(july,american)	2455
(july,april)	3433
(july,area)	999
(july,both)	1410
(july,century)	759
(july,city)	2432
(july,county)	1104
(july,december)	2874
(july,early)	1383
(july,film)	1719
(july,first)	4950
(july,high)	1430
(july,history)	2045
(july,including)	1474
(july,january)	3001
(july,john)	2082
(july,july)	12940
(july,june)	4598
(july,known)	1467
(july,life)	1550
(july,made)	1676
(july,march)	3388
(july,national)	2012
(july,news)	4191
(july,north)	1263
(july,november)	2734
(july,october)	3096
(july,org)	2884
(july,part)	1592
(july,people)	2028
(july,population)	856
(july,press)	1650
(july,school)	1189
(july,september)	3794
(july,south)	1303
(july,state)	1940
(july,states)	2004
(july,three)	1706
(july,through)	1388
(july,time)	3106
(july,town)	935
(july,two)	3152
(july,united)	2534
(july,university)	1816
(july,war)	2206
(july,world)	2898
(july,year)	2486
(july,years)	1951
(july,york)	2351
(june,age)	635
(june,american)	2711
(june,april)	3788
(june,area)	966
(june,both)	1372
(june,century)	837
(june,city)	2384
(june,county)	1033
(june,december)	2945
(june,early)	1372
(june,film)	1362
(june,first)	4835
(june,high)	1246
(june,history)	2004
(june,including)	1504
(june,january)	3074
(june,john)	2235
(june,july)	4598
(june,june)	12094
(june,known)	1430
(june,life)	1548
(june,made)	1627
(june,march)	3572
(june,national)	2125
(june,news)	4133
(june,north)	1290
(june,november)	2790
(june,october)	3117
(june,org)	2829
(june,part)	1534
(june,people)	2013
(june,population)	665
(june,press)	1605
(june,school)	1353
(june,september)	3410
(june,south)	1335
(june,state)	1939
(june,states)	1910
(june,three)	1702
(june,through)	1532
(june,time)	3107
(june,town)	876
(june,two)	3197
(june,united)	2400
(june,university)	1887
(june,war)	2316
(june,world)	3018
(june,year)	2389
(june,years)	2027
(june,york)	2072
(known,age)	1195
(known,american)	2743
(known,april)	1726
(known,area)	2680
(known,both)	3012
(known,century)	3355
(known,city)	3545
(known,county)	1163
(known,december)	1430
(known,early)	3453
(known,film)	1478
(known,first)	7399
(known,high)	2604
(known,history)	3714
(known,including)	2828
(known,january)	1542
(known,john)	2311
(known,july)	1467
(known,june)	1430
(known,known)	7386
(known,life)	2622
(known,made)	3132
(known,march)	1670
(known,national)	2137
(known,news)	1304
(known,north)	2226
(known,november)	1351
(known,october)	1421
(known,org)	2130
(known,part)	2928
(known,people)	2764
(known,population)	985
(known,press)	1562
(known,school)	1810
(known,september)	1527
(known,south)	2058
(known,state)	2492
(known,states)	2284
(known,three)	2882
(known,through)	3014
(known,time)	5016
(known,town)	1941
(known,two)	5868
(known,united)	2127
(known,university)	2712
(known,war)	2558
(known,world)	3566
(known,year)	2358
(known,years)	3251
(known,york)	1686
(life,age)	1446
(life,american)	2656
(life,april)	1680
(life,area)	769
(life,both)	2250
(life,century)	1847
(life,city)	1827
(life,county)	597
(life,december)	1522
(life,early)	3201
(life,film)	2726
(life,first)	5610
(life,high)	1574
(life,history)	2619
(life,including)	1935
(life,january)	1611
(life,john)	3033
(life,july)	1550
(life,june)	1548
(life,known)	2622
(life,life)	11936
(life,made)	2330
(life,march)	1724
(life,national)	1614
(life,news)	2007
(life,north)	888
(life,november)	1475
(life,october)	1634
(life,org)	1857
(life,part)	2109
(life,people)	2816
(life,population)	512
(life,press)	2567
(life,school)	1924
(life,september)	1577
(life,south)	850
(life,state)	1598
(life,states)	1518
(life,three)	2211
(life,through)	2422
(life,time)	4810
(life,town)	731
(life,two)	4172
(life,united)	1461
(life,university)	3254
(life,war)	2084
(life,world)	3644
(life,year)	2370
(life,years)	3744
(life,york)	2694
(made,age)	4312
(made,american)	3288
(made,april)	1824
(made,area)	1433
(made,both)	2810
(made,century)	2354
(made,city)	2755
(made,county)	956
(made,december)	1499
(made,early)	2574
(made,film)	2823
(made,first)	7808
(made,high)	2336
(made,history)	2509
(made,including)	2371
(made,january)	1714
(made,john)	2173
(made,july)	1676
(made,june)	1627
(made,known)	3132
(made,life)	2330
(made,made)	7514
(made,march)	1836
(made,national)	1773
(made,news)	1835
(made,north)	1487
(made,november)	1547
(made,october)	1728
(made,org)	1606
(made,part)	2701
(made,people)	2760
(made,population)	3454
(made,press)	1444
(made,school)	1101
(made,september)	1646
(made,south)	1571
(made,state)	2113
(made,states)	1956
(made,three)	2849
(made,through)	2778
(made,time)	5536
(made,town)	1394
(made,two)	6883
(made,united)	2014
(made,university)	1710
(made,war)	2823
(made,world)	3304
(made,year)	2814
(made,years)	4733
(made,york)	1792
(march,age)	634
(march,american)	2790
(march,april)	5185
(march,area)	1098
(march,both)	1599
(march,century)	1068
(march,city)	2616
(march,county)	1353
(march,december)	3674
(march,early)	1637
(march,film)	1484
(march,first)	5066
(march,high)	1433
(march,history)	2345
(march,including)	1612
(march,january)	4114
(march,john)	2507
(march,july)	3388
(march,june)	3572
(march,known)	1670
(march,life)	1724
(march,made)	1836
(march,march)	14936
(march,national)	2325
(march,news)	4322
(march,north)	1408
(march,november)	3041
(march,october)	3411
(march,org)	3147
(march,part)	1835
(march,people)	2438
(march,population)	775
(march,press)	1692
(march,school)	1207
(march,september)	3377
(march,south)	1497
(march,state)	2243
(march,states)	2190
(march,three)	1951
(march,through)	1537
(march,time)	3489
(march,town)	1016
(march,two)	3613
(march,united)	2846
(march,university)	2397
(march,war)	2671
(march,world)	3323
(march,year)	2729
(march,years)	2220
(march,york)	2314
(national,age)	945
(national,american)	4021
(national,april)	2368
(national,area)	2434
(national,both)	2028
(national,century)	1441
(national,city)	3981
(national,county)	3580
(national,december)	2076
(national,early)	1561
(national,film)	1562
(national,first)	5481
(national,high)	2075
(national,history)	3576
(national,including)	2346
(national,january)	2243
(national,john)	2343
(national,july)	2012
(national,june)	2125
(national,known)	2137
(national,life)	1614
(national,made)	1773
(national,march)	2325
(national,national)	21864
(national,news)	2885
(national,north)	2218
(national,november)	1932
(national,october)	2108
(national,org)	3096
(national,part)	2790
(national,people)	3442
(national,population)	1447
(national,press)	2063
(national,school)	2639
(national,september)	2213
(national,south)	2665
(national,state)	4285
(national,states)	4606
(national,three)	2106
(national,through)	2016
(national,time)	2969
(national,town)	1314
(national,two)	3715
(national,united)	5254
(national,university)	4739
(national,war)	3049
(national,world)	4506
(national,year)	3056
(national,years)	2696
(national,york)	2302
(news,age)	629
(news,american)	1982
(news,april)	4552
(news,area)	913
(news,both)	1634
(news,century)	586
(news,city)	2855
(news,county)	1076
(news,december)	3820
(news,early)	1301
(news,film)	1940
(news,first)	4932
(news,high)	1528
(news,history)	1814
(news,including)	1784
(news,january)	4173
(news,john)	1910
(news,july)	4191
(news,june)	4133
(news,known)	1304
(news,life)	2007
(news,made)	1835
(news,march)	4322
(news,national)	2885
(news,news)	20814
(news,north)	1542
(news,november)	3755
(news,october)	4131
(news,org)	3865
(news,part)	1688
(news,people)	2366
(news,population)	521
(news,press)	2311
(news,school)	1563
(news,september)	4148
(news,south)	1625
(news,state)	1982
(news,states)	1736
(news,three)	1864
(news,through)	1419
(news,time)	3595
(news,town)	748
(news,two)	3450
(news,united)	2729
(news,university)	2571
(news,war)	1583
(news,world)	5185
(news,year)	2584
(news,years)	2534
(news,york)	2332
(north,age)	760
(north,american)	3127
(north,april)	1362
(north,area)	4134
(north,both)	1639
(north,century)	1939
(north,city)	5407
(north,county)	6033
(north,december)	1170
(north,early)	1587
(north,film)	714
(north,first)	3852
(north,high)	1839
(north,history)	2735
(north,including)	1781
(north,january)	1385
(north,john)	1926
(north,july)	1263
(north,june)	1290
(north,known)	2226
(north,life)	888
(north,made)	1487
(north,march)	1408
(north,national)	2218
(north,news)	1542
(north,north)	17026
(north,november)	1177
(north,october)	1207
(north,org)	1592
(north,part)	2891
(north,people)	2283
(north,population)	1774
(north,press)	1317
(north,school)	1841
(north,september)	1330
(north,south)	9487
(north,state)	3897
(north,states)	3094
(north,three)	1935
(north,through)	2585
(north,time)	2163
(north,town)	3529
(north,two)	3622
(north,united)	3138
(north,university)	2881
(north,war)	2283
(north,world)	2343
(north,year)	1649
(north,years)	1783
(north,york)	1877
(november,age)	585
(november,american)	2345
(november,april)	2991
(november,area)	863
(november,both)	1342
(november,century)	721
(november,city)	2414
(november,county)	1102
(november,december)	3875
(november,early)	1320
(november,film)	1339
(november,first)	4506
(november,high)	1190
(november,history)	1909
(november,including)	1343
(november,january)	3237
(november,john)	1962
(november,july)	2734
(november,june)	2790
(november,known)	1351
(november,life)	1475
(november,made)	1547
(november,march)	3041
(november,national)	1932
(november,news)	3755
(november,north)	1177
(november,november)	12802
(november,october)	4374
(november,org)	2579
(november,part)	1453
(november,people)	1868
(november,population)	551
(november,press)	1669
(november,school)	1280
(november,september)	3168
(november,south)	1213
(november,state)	1939
(november,states)	1798
(november,three)	1608
(november,through)	1268
(november,time)	2762
(november,town)	829
(november,two)	3042
(november,united)	2306
(november,university)	2057
(november,war)	2116
(november,world)	2810
(november,year)	2218
(november,years)	1847
(november,york)	1898
(october,age)	638
(october,american)	2557
(october,april)	3393
(october,area)	893
(october,both)	1374
(october,century)	808
(october,city)	2467
(october,county)	818
(october,december)	3436
(october,early)	1427
(october,film)	1680
(october,first)	5011
(october,high)	1186
(october,history)	1942
(october,including)	1477
(october,january)	3131
(october,john)	2096
(october,july)	3096
(october,june)	3117
(october,known)	1421
(october,life)	1634
(october,made)	1728
(october,march)	3411
(october,national)	2108
(october,news)	4131
(october,north)	1207
(october,november)	4374
(october,october)	12658
(october,org)	2898
(october,part)	1485
(october,people)	2022
(october,population)	516
(october,press)	1601
(october,school)	1079
(october,september)	4471
(october,south)	1367
(october,state)	1847
(october,states)	1912
(october,three)	1671
(october,through)	1609
(october,time)	3102
(october,town)	809
(october,two)	3191
(october,united)	2534
(october,university)	1986
(october,war)	2536
(october,world)	3153
(october,year)	2336
(october,years)	2077
(october,york)	2144
(org,age)	909
(org,american)	3117
(org,april)	3333
(org,area)	1384
(org,both)	1760
(org,century)	1378
(org,city)	2693
(org,county)	1849
(org,december)	2658
(org,early)	1686
(org,film)	1522
(org,first)	4128
(org,high)	2103
(org,history)	3904
(org,including)	2198
(org,january)	2820
(org,john)	2074
(org,july)	2884
(org,june)	2829
(org,known)	2130
(org,life)	1857
(org,made)	1606
(org,march)	3147
(org,national)	3096
(org,news)	3865
(org,north)	1592
(org,november)	2579
(org,october)	2898
(org,org)	18214
(org,part)	1915
(org,people)	2366
(org,population)	1267
(org,press)	2446
(org,school)	2025
(org,september)	3110
(org,south)	1678
(org,state)	2609
(org,states)	2750
(org,three)	1673
(org,through)	2045
(org,time)	3093
(org,town)	952
(org,two)	3018
(org,united)	3163
(org,university)	3344
(org,war)	1752
(org,world)	4241
(org,year)	2088
(org,years)	2093
(org,york)	1828
(part,age)	973
(part,american)	1902
(part,april)	1850
(part,area)	3587
(part,both)	2500
(part,century)	2646
(part,city)	4067
(part,county)	3286
(part,december)	1434
(part,early)	2383
(part,film)	1727
(part,first)	6584
(part,high)	2049
(part,history)	3219
(part,including)	2324
(part,january)	1644
(part,john)	2009
(part,july)	1592
(part,june)	1534
(part,known)	2928
(part,life)	2109
(part,made)	2701
(part,march)	1835
(part,national)	2790
(part,news)	1688
(part,north)	2891
(part,november)	1453
(part,october)	1485
(part,org)	1915
(part,part)	9122
(part,people)	2496
(part,population)	1705
(part,press)	1492
(part,school)	1885
(part,september)	1610
(part,south)	2819
(part,state)	3134
(part,states)	2466
(part,three)	2799
(part,through)	2910
(part,time)	4693
(part,town)	2821
(part,two)	5355
(part,united)	2487
(part,university)	2368
(part,war)	3151
(part,world)	3480
(part,year)	2268
(part,years)	2682
(part,york)	1673
(people,age)	2974
(people,american)	9733
(people,april)	2438
(people,area)	3213
(people,both)	2449
(people,century)	3428
(people,city)	6194
(people,county)	3325
(people,december)	2012
(people,early)	1968
(people,film)	2033
(people,first)	5056
(people,high)	2055
(people,history)	3648
(people,including)	2378
(people,january)	2032
(people,john)	2649
(people,july)	2028
(people,june)	2013
(people,known)	2764
(people,life)	2816
(people,made)	2760
(people,march)	2438
(people,national)	3442
(people,news)	2366
(people,north)	2283
(people,november)	1868
(people,october)	2022
(people,org)	2366
(people,part)	2496
(people,people)	26346
(people,population)	6956
(people,press)	2021
(people,school)	2155
(people,september)	2076
(people,south)	2564
(people,state)	3576
(people,states)	4589
(people,three)	2226
(people,through)	2482
(people,time)	4310
(people,town)	3099
(people,two)	5533
(people,united)	4846
(people,university)	4087
(people,war)	3506
(people,world)	4539
(people,year)	2306
(people,years)	3608
(people,york)	2587
(population,age)	14346
(population,american)	6989
(population,april)	897
(population,area)	4185
(population,both)	774
(population,century)	1443
(population,city)	9326
(population,county)	6822
(population,december)	738
(population,early)	752
(population,film)	90
(population,first)	1708
(population,high)	909
(population,history)	1765
(population,including)	2311
(population,january)	849
(population,john)	469
(population,july)	856
(population,june)	665
(population,known)	985
(population,life)	512
(population,made)	3454
(population,march)	775
(population,national)	1447
(population,news)	521
(population,north)	1774
(population,november)	551
(population,october)	516
(population,org)	1267
(population,part)	1705
(population,people)	6956
(population,population)	13728
(population,press)	462
(population,school)	886
(population,september)	558
(population,south)	1900
(population,state)	2415
(population,states)	3681
(population,three)	832
(population,through)	837
(population,time)	1194
(population,town)	4552
(population,two)	3618
(population,united)	3572
(population,university)	919
(population,war)	1307
(population,world)	1745
(population,year)	1069
(population,years)	7173
(population,york)	605
(press,age)	839
(press,american)	3259
(press,april)	1695
(press,area)	650
(press,both)	1387
(press,century)	2146
(press,city)	1835
(press,county)	576
(press,december)	1424
(press,early)	1832
(press,film)	1244
(press,first)	3792
(press,high)	1108
(press,history)	5565
(press,including)	1297
(press,january)	1487
(press,john)	4151
(press,july)	1650
(press,june)	1605
(press,known)	1562
(press,life)	2567
(press,made)	1444
(press,march)	1692
(press,national)	2063
(press,news)	2311
(press,north)	1317
(press,november)	1669
(press,october)	1601
(press,org)	2446
(press,part)	1492
(press,people)	2021
(press,population)	462
(press,press)	13098
(press,school)	890
(press,september)	1630
(press,south)	1035
(press,state)	2181
(press,states)	1868
(press,three)	1429
(press,through)	1450
(press,time)	2852
(press,town)	498
(press,two)	2574
(press,united)	1919
(press,university)	15022
(press,war)	2849
(press,world)	3731
(press,year)	1306
(press,years)	1913
(press,york)	5337
(school,age)	1940
(school,american)	2113
(school,april)	1460
(school,area)	2019
(school,both)	1527
(school,century)	1121
(school,city)	4095
(school,county)	3880
(school,december)	1157
(school,early)	1889
(school,film)	962
(school,first)	4290
(school,high)	13014
(school,history)	2136
(school,including)	1767
(school,january)	1201
(school,john)	1979
(school,july)	1189
(school,june)	1353
(school,known)	1810
(school,life)	1924
(school,made)	1101
(school,march)	1207
(school,national)	2639
(school,news)	1563
(school,north)	1841
(school,november)	1280
(school,october)	1079
(school,org)	2025
(school,part)	1885
(school,people)	2155
(school,population)	886
(school,press)	890
(school,school)	45080
(school,september)	1356
(school,south)	1797
(school,state)	3453
(school,states)	1957
(school,three)	1925
(school,through)	1763
(school,time)	2447
(school,town)	1981
(school,two)	3431
(school,united)	2262
(school,university)	7986
(school,war)	1268
(school,world)	1880
(school,year)	3379
(school,years)	2910
(school,york)	1714
(september,age)	580
(september,american)	2707
(september,april)	3281
(september,area)	1040
(september,both)	1530
(september,century)	830
(september,city)	2678
(september,county)	959
(september,december)	3014
(september,early)	1461
(september,film)	1540
(september,first)	4945
(september,high)	1276
(september,history)	2072
(september,including)	1618
(september,january)	3231
(september,john)	1897
(september,july)	3794
(september,june)	3410
(september,known)	1527
(september,life)	1577
(september,made)	1646
(september,march)	3377
(september,national)	2213
(september,news)	4148
(september,north)	1330
(september,november)	3168
(september,october)	4471
(september,org)	3110
(september,part)	1610
(september,people)	2076
(september,population)	558
(september,press)	1630
(september,school)	1356
(september,september)	12662
(september,south)	1304
(september,state)	1810
(september,states)	2041
(september,three)	1772
(september,through)	1410
(september,time)	3135
(september,town)	919
(september,two)	3464
(september,united)	2670
(september,university)	2176
(september,war)	2572
(september,world)	3163
(september,year)	2460
(september,years)	2037
(september,york)	2438
(south,age)	623
(south,american)	2639
(south,april)	1517
(south,area)	3739
(south,both)	1675
(south,century)	1765
(south,city)	5314
(south,county)	4976
(south,december)	1320
(south,early)	1503
(south,film)	624
(south,first)	3930
(south,high)	1782
(south,history)	2534
(south,including)	1682
(south,january)	1361
(south,john)	1762
(south,july)	1303
(south,june)	1335
(south,known)	2058
(south,life)	850
(south,made)	1571
(south,march)	1497
(south,national)	2665
(south,news)	1625
(south,north)	9487
(south,november)	1213
(south,october)	1367
(south,org)	1678
(south,part)	2819
(south,people)	2564
(south,population)	1900
(south,press)	1035
(south,school)	1797
(south,september)	1304
(south,south)	18112
(south,state)	3102
(south,states)	2889
(south,three)	1836
(south,through)	2317
(south,time)	2179
(south,town)	3155
(south,two)	3600
(south,united)	3198
(south,university)	2382
(south,war)	2345
(south,world)	2939
(south,year)	1692
(south,years)	1770
(south,york)	1435
(state,age)	1035
(state,american)	2893
(state,april)	2027
(state,area)	2759
(state,both)	2404
(state,century)	1898
(state,city)	6346
(state,county)	8620
(state,december)	1894
(state,early)	1811
(state,film)	606
(state,first)	5337
(state,high)	2296
(state,history)	3472
(state,including)	2386
(state,january)	2242
(state,john)	2528
(state,july)	1940
(state,june)	1939
(state,known)	2492
(state,life)	1598
(state,made)	2113
(state,march)	2243
(state,national)	4285
(state,news)	1982
(state,north)	3897
(state,november)	1939
(state,october)	1847
(state,org)	2609
(state,part)	3134
(state,people)	3576
(state,population)	2415
(state,press)	2181
(state,school)	3453
(state,september)	1810
(state,south)	3102
(state,state)	28484
(state,states)	7584
(state,three)	2304
(state,through)	2695
(state,time)	3727
(state,town)	2304
(state,two)	4428
(state,united)	5414
(state,university)	6577
(state,war)	3281
(state,world)	2898
(state,year)	2648
(state,years)	2833
(state,york)	6059
(states,age)	944
(states,american)	6924
(states,april)	2155
(states,area)	3517
(states,both)	2233
(states,century)	1805
(states,city)	6749
(states,county)	7087
(states,december)	1947
(states,early)	1844
(states,film)	1305
(states,first)	5633
(states,high)	1736
(states,history)	4039
(states,including)	2128
(states,january)	2293
(states,john)	2966
(states,july)	2004
(states,june)	1910
(states,known)	2284
(states,life)	1518
(states,made)	1956
(states,march)	2190
(states,national)	4606
(states,news)	1736
(states,north)	3094
(states,november)	1798
(states,october)	1912
(states,org)	2750
(states,part)	2466
(states,people)	4589
(states,population)	3681
(states,press)	1868
(states,school)	1957
(states,september)	2041
(states,south)	2889
(states,state)	7584
(states,states)	23106
(states,three)	1902
(states,through)	2075
(states,time)	3489
(states,town)	2343
(states,two)	3866
(states,united)	39436
(states,university)	3182
(states,war)	5046
(states,world)	4447
(states,year)	2286
(states,years)	2483
(states,york)	3578
(three,age)	1103
(three,american)	1969
(three,april)	1863
(three,area)	1770
(three,both)	2988
(three,century)	1769
(three,city)	2856
(three,county)	1285
(three,december)	1618
(three,early)	2223
(three,film)	1712
(three,first)	8546
(three,high)	2440
(three,history)	2533
(three,including)	2453
(three,january)	1576
(three,john)	2355
(three,july)	1706
(three,june)	1702
(three,known)	2882
(three,life)	2211
(three,made)	2849
(three,march)	1951
(three,national)	2106
(three,news)	1864
(three,north)	1935
(three,november)	1608
(three,october)	1671
(three,org)	1673
(three,part)	2799
(three,people)	2226
(three,population)	832
(three,press)	1429
(three,school)	1925
(three,september)	1772
(three,south)	1836
(three,state)	2304
(three,states)	1902
(three,three)	9876
(three,through)	2684
(three,time)	5192
(three,town)	1219
(three,two)	10374
(three,united)	2017
(three,university)	2211
(three,war)	2396
(three,world)	3661
(three,year)	3724
(three,years)	4433
(three,york)	1731
(through,age)	973
(through,american)	1791
(through,april)	1574
(through,area)	2313
(through,both)	3125
(through,century)	2060
(through,city)	3035
(through,county)	1515
(through,december)	1386
(through,early)	2271
(through,film)	1274
(through,first)	5906
(through,high)	2683
(through,history)	2644
(through,including)	2356
(through,january)	1395
(through,john)	1716
(through,july)	1388
(through,june)	1532
(through,known)	3014
(through,life)	2422
(through,made)	2778
(through,march)	1537
(through,national)	2016
(through,news)	1419
(through,north)	2585
(through,november)	1268
(through,october)	1609
(through,org)	2045
(through,part)	2910
(through,people)	2482
(through,population)	837
(through,press)	1450
(through,school)	1763
(through,september)	1410
(through,south)	2317
(through,state)	2695
(through,states)	2075
(through,three)	2684
(through,through)	8588
(through,time)	4938
(through,town)	1825
(through,two)	5631
(through,united)	1930
(through,university)	1939
(through,war)	2261
(through,world)	3332
(through,year)	2160
(through,years)	2628
(through,york)	1517
(time,age)	1940
(time,american)	3679
(time,april)	3386
(time,area)	2218
(time,both)	4969
(time,century)	3599
(time,city)	3957
(time,county)	1245
(time,december)	2832
(time,early)	4424
(time,film)	3760
(time,first)	14511
(time,high)	3781
(time,history)	4884
(time,including)	3863
(time,january)	3166
(time,john)	3775
(time,july)	3106
(time,june)	3107
(time,known)	5016
(time,life)	4810
(time,made)	5536
(time,march)	3489
(time,national)	2969
(time,news)	3595
(time,north)	2163
(time,november)	2762
(time,october)	3102
(time,org)	3093
(time,part)	4693
(time,people)	4310
(time,population)	1194
(time,press)	2852
(time,school)	2447
(time,september)	3135
(time,south)	2179
(time,state)	3727
(time,states)	3489
(time,three)	5192
(time,through)	4938
(time,time)	27350
(time,town)	1748
(time,two)	10020
(time,united)	3293
(time,university)	3596
(time,war)	4441
(time,world)	6760
(time,year)	5889
(time,years)	6607
(time,york)	3425
(town,age)	4047
(town,american)	1805
(town,april)	974
(town,area)	4031
(town,both)	1001
(town,century)	2234
(town,city)	5497
(town,county)	7326
(town,december)	643
(town,early)	1452
(town,film)	578
(town,first)	3467
(town,high)	1301
(town,history)	2888
(town,including)	1808
(town,january)	820
(town,john)	1325
(town,july)	935
(town,june)	876
(town,known)	1941
(town,life)	731
(town,made)	1394
(town,march)	1016
(town,national)	1314
(town,news)	748
(town,north)	3529
(town,november)	829
(town,october)	809
(town,org)	952
(town,part)	2821
(town,people)	3099
(town,population)	4552
(town,press)	498
(town,school)	1981
(town,september)	919
(town,south)	3155
(town,state)	2304
(town,states)	2343
(town,three)	1219
(town,through)	1825
(town,time)	1748
(town,town)	19804
(town,two)	2781
(town,united)	2516
(town,university)	855
(town,war)	1792
(town,world)	1363
(town,year)	1243
(town,years)	2767
(town,york)	1578
(two,age)	3100
(two,american)	6476
(two,april)	3748
(two,area)	3531
(two,both)	7576
(two,century)	3351
(two,city)	6070
(two,county)	2582
(two,december)	3031
(two,early)	4374
(two,film)	3221
(two,first)	16333
(two,high)	4803
(two,history)	4558
(two,including)	4475
(two,january)	3053
(two,john)	3875
(two,july)	3152
(two,june)	3197
(two,known)	5868
(two,life)	4172
(two,made)	6883
(two,march)	3613
(two,national)	3715
(two,news)	3450
(two,north)	3622
(two,november)	3042
(two,october)	3191
(two,org)	3018
(two,part)	5355
(two,people)	5533
(two,population)	3618
(two,press)	2574
(two,school)	3431
(two,september)	3464
(two,south)	3600
(two,state)	4428
(two,states)	3866
(two,three)	10374
(two,through)	5631
(two,time)	10020
(two,town)	2781
(two,two)	24908
(two,united)	3754
(two,university)	4011
(two,war)	4598
(two,world)	5998
(two,year)	6096
(two,years)	8360
(two,york)	3239
(united,age)	1012
(united,american)	6989
(united,april)	2864
(united,area)	3491
(united,both)	2165
(united,century)	1515
(united,city)	7225
(united,county)	6970
(united,december)	2497
(united,early)	1815
(united,film)	1608
(united,first)	6489
(united,high)	1759
(united,history)	4056
(united,including)	2245
(united,january)	2732
(united,john)	3523
(united,july)	2534
(united,june)	2400
(united,known)	2127
(united,life)	1461
(united,made)	2014
(united,march)	2846
(united,national)	5254
(united,news)	2729
(united,north)	3138
(united,november)	2306
(united,october)	2534
(united,org)	3163
(united,part)	2487
(united,people)	4846
(united,population)	3572
(united,press)	1919
(united,school)	2262
(united,september)	2670
(united,south)	3198
(united,state)	5414
(united,states)	39436
(united,three)	2017
(united,through)	1930
(united,time)	3293
(united,town)	2516
(united,two)	3754
(united,united)	26502
(united,university)	3772
(united,war)	5356
(united,world)	5414
(united,year)	2782
(united,years)	2655
(united,york)	3692
(university,age)	1203
(university,american)	5379
(university,april)	2358
(university,area)	1596
(university,both)	2130
(university,century)	2593
(university,city)	4329
(university,county)	1822
(university,december)	1729
(university,early)	2468
(university,film)	1155
(university,first)	6059
(university,high)	2407
(university,history)	6478
(university,including)	2341
(university,january)	2078
(university,john)	4690
(university,july)	1816
(university,june)	1887
(university,known)	2712
(university,life)	3254
(university,made)	1710
(university,march)	2397
(university,national)	4739
(university,news)	2571
(university,north)	2881
(university,november)	2057
(university,october)	1986
(university,org)	3344
(university,part)	2368
(university,people)	4087
(university,population)	919
(university,press)	15022
(university,school)	7986
(university,september)	2176
(university,south)	2382
(university,state)	6577
(university,states)	3182
(university,three)	2211
(university,through)	1939
(university,time)	3596
(university,town)	855
(university,two)	4011
(university,united)	3772
(university,university)	47506
(university,war)	2859
(university,world)	5049
(university,year)	3315
(university,years)	3280
(university,york)	4917
(war,age)	911
(war,american)	5637
(war,april)	2468
(war,area)	1789
(war,both)	2657
(war,century)	2630
(war,city)	3318
(war,county)	2419
(war,december)	2082
(war,early)	2558
(war,film)	1581
(war,first)	8179
(war,high)	1497
(war,history)	4642
(war,including)	2378
(war,january)	2109
(war,john)	3020
(war,july)	2206
(war,june)	2316
(war,known)	2558
(war,life)	2084
(war,made)	2823
(war,march)	2671
(war,national)	3049
(war,news)	1583
(war,north)	2283
(war,november)	2116
(war,october)	2536
(war,org)	1752
(war,part)	3151
(war,people)	3506
(war,population)	1307
(war,press)	2849
(war,school)	1268
(war,september)	2572
(war,south)	2345
(war,state)	3281
(war,states)	5046
(war,three)	2396
(war,through)	2261
(war,time)	4441
(war,town)	1792
(war,two)	4598
(war,united)	5356
(war,university)	2859
(war,war)	28184
(war,world)	13221
(war,year)	2498
(war,years)	4137
(war,york)	2601
(world,age)	1495
(world,american)	4399
(world,april)	3268
(world,area)	1917
(world,both)	3402
(world,century)	3076
(world,city)	4538
(world,county)	836
(world,december)	2682
(world,early)	2922
(world,film)	2615
(world,first)	10680
(world,high)	2534
(world,history)	5222
(world,including)	3301
(world,january)	2708
(world,john)	2996
(world,july)	2898
(world,june)	3018
(world,known)	3566
(world,life)	3644
(world,made)	3304
(world,march)	3323
(world,national)	4506
(world,news)	5185
(world,north)	2343
(world,november)	2810
(world,october)	3153
(world,org)	4241
(world,part)	3480
(world,people)	4539
(world,population)	1745
(world,press)	3731
(world,school)	1880
(world,september)	3163
(world,south)	2939
(world,state)	2898
(world,states)	4447
(world,three)	3661
(world,through)	3332
(world,time)	6760
(world,town)	1363
(world,two)	5998
(world,united)	5414
(world,university)	5049
(world,war)	13221
(world,world)	28168
(world,year)	4502
(world,years)	4253
(world,york)	3842
(year,age)	1627
(year,american)	2522
(year,april)	2596
(year,area)	1432
(year,both)	2345
(year,century)	1656
(year,city)	3565
(year,county)	1535
(year,december)	2480
(year,early)	2171
(year,film)	2628
(year,first)	9061
(year,high)	2197
(year,history)	2676
(year,including)	2289
(year,january)	2804
(year,john)	2361
(year,july)	2486
(year,june)	2389
(year,known)	2358
(year,life)	2370
(year,made)	2814
(year,march)	2729
(year,national)	3056
(year,news)	2584
(year,north)	1649
(year,november)	2218
(year,october)	2336
(year,org)	2088
(year,part)	2268
(year,people)	2306
(year,population)	1069
(year,press)	1306
(year,school)	3379
(year,september)	2460
(year,south)	1692
(year,state)	2648
(year,states)	2286
(year,three)	3724
(year,through)	2160
(year,time)	5889
(year,town)	1243
(year,two)	6096
(year,united)	2782
(year,university)	3315
(year,war)	2498
(year,world)	4502
(year,year)	16430
(year,years)	5693
(year,york)	2179
(years,age)	20103
(years,american)	2944
(years,april)	2283
(years,area)	1870
(years,both)	2776
(years,century)	2312
(years,city)	5573
(years,county)	2236
(years,december)	1940
(years,early)	3512
(years,film)	1888
(years,first)	9178
(years,high)	2302
(years,history)	3690
(years,including)	2948
(years,january)	2182
(years,john)	2774
(years,july)	1951
(years,june)	2027
(years,known)	3251
(years,life)	3744
(years,made)	4733
(years,march)	2220
(years,national)	2696
(years,news)	2534
(years,north)	1783
(years,november)	1847
(years,october)	2077
(years,org)	2093
(years,part)	2682
(years,people)	3608
(years,population)	7173
(years,press)	1913
(years,school)	2910
(years,september)	2037
(years,south)	1770
(years,state)	2833
(years,states)	2483
(years,three)	4433
(years,through)	2628
(years,time)	6607
(years,town)	2767
(years,two)	8360
(years,united)	2655
(years,university)	3280
(years,war)	4137
(years,world)	4253
(years,year)	5693
(years,years)	15524
(years,york)	2357
(york,age)	993
(york,american)	5554
(york,april)	2301
(york,area)	1093
(york,both)	1536
(york,century)	1512
(york,city)	7194
(york,county)	2883
(york,december)	2028
(york,early)	2042
(york,film)	2708
(york,first)	4849
(york,high)	1324
(york,history)	3524
(york,including)	1616
(york,january)	2078
(york,john)	3638
(york,july)	2351
(york,june)	2072
(york,known)	1686
(york,life)	2694
(york,made)	1792
(york,march)	2314
(york,national)	2302
(york,news)	2332
(york,north)	1877
(york,november)	1898
(york,october)	2144
(york,org)	1828
(york,part)	1673
(york,people)	2587
(york,population)	605
(york,press)	5337
(york,school)	1714
(york,september)	2438
(york,south)	1435
(york,state)	6059
(york,states)	3578
(york,three)	1731
(york,through)	1517
(york,time)	3425
(york,town)	1578
(york,two)	3239
(york,united)	3692
(york,university)	4917
(york,war)	2601
(york,world)	3842
(york,year)	2179
(york,years)	2357
(york,york)	24340
