(age,age)	6684
(age,american)	293
(age,april)	178
(age,area)	172
(age,both)	176
(age,century)	246
(age,city)	1324
(age,county)	758
(age,december)	139
(age,early)	461
(age,film)	139
(age,first)	670
(age,high)	214
(age,history)	460
(age,including)	1422
(age,january)	162
(age,john)	224
(age,july)	154
(age,june)	151
(age,known)	280
(age,life)	376
(age,made)	1700
(age,march)	149
(age,national)	193
(age,news)	141
(age,north)	153
(age,november)	140
(age,october)	188
(age,org)	182
(age,part)	227
(age,people)	651
(age,population)	3679
(age,press)	161
(age,school)	419
(age,september)	119
(age,south)	129
(age,state)	190
(age,states)	124
(age,three)	282
(age,through)	223
(age,time)	476
(age,town)	698
(age,two)	435
(age,united)	164
(age,university)	244
(age,war)	192
(age,world)	322
(age,year)	404
(age,years)	8058
(age,york)	237
(american,age)	293
(american,american)	15748
(american,april)	787
(american,area)	328
(american,both)	454
(american,century)	586
(american,city)	1205
(american,county)	648
(american,december)	644
(american,early)	570
(american,film)	1545
(american,first)	1714
(american,high)	369
(american,history)	1344
(american,including)	567
(american,january)	939
(american,john)	1358
(american,july)	656
(american,june)	730
(american,known)	791
(american,life)	659
(american,made)	494
(american,march)	724
(american,national)	1024
(american,news)	435
(american,north)	1236
(american,november)	595
(american,october)	672
(american,org)	837
(american,part)	445
(american,people)	2153
(american,population)	522
(american,press)	669
(american,school)	441
(american,september)	686
(american,south)	769
(american,state)	681
(american,states)	1240
(american,three)	447
(american,through)	413
(american,time)	847
(american,town)	497
(american,two)	2265
(american,united)	1096
(american,university)	1176
(american,war)	1918
(american,world)	983
(american,year)	599
(american,years)	616
(american,york)	1300
(april,age)	178
(april,american)	787
(april,april)	4516
(april,area)	227
(april,both)	372
(april,century)	212
(april,city)	684
(april,county)	297
(april,december)	881
(april,early)	356
(april,film)	346
(april,first)	1314
(april,high)	327
(april,history)	613
(april,including)	378
(april,january)	882
(april,john)	512
(april,july)	961
(april,june)	1082
(april,known)	403
(april,life)	345
(april,made)	455
(april,march)	1506
(april,national)	644
(april,news)	1275
(april,north)	290
(april,november)	812
(april,october)	949
(april,org)	1064
(april,part)	441
(april,people)	592
(april,population)	207
(april,press)	428
(april,school)	355
(april,september)	897
(april,south)	322
(april,state)	461
(april,states)	376
(april,three)	427
(april,through)	362
(april,time)	760
(april,town)	237
(april,two)	818
(april,united)	542
(april,university)	507
(april,war)	541
(april,world)	709
(april,year)	585
(april,years)	506
(april,york)	655
(area,age)	172
(area,american)	328
(area,april)	227
(area,area)	3678
(area,both)	403
(area,century)	522
(area,city)	2486
(area,county)	1766
(area,december)	192
(area,early)	417
(area,film)	110
(area,first)	881
(area,high)	512
(area,history)	746
(area,including)	515
(area,january)	259
(area,john)	204
(area,july)	214
(area,june)	199
(area,known)	831
(area,life)	187
(area,made)	405
(area,march)	243
(area,national)	699
(area,news)	175
(area,north)	1061
(area,november)	181
(area,october)	193
(area,org)	294
(area,part)	1145
(area,people)	1034
(area,population)	1019
(area,press)	121
(area,school)	468
(area,september)	243
(area,south)	925
(area,state)	619
(area,states)	652
(area,three)	447
(area,through)	630
(area,time)	536
(area,town)	1167
(area,two)	870
(area,united)	434
(area,university)	310
(area,war)	419
(area,world)	420
(area,year)	332
(area,years)	454
(area,york)	249
(both,age)	176
(both,american)	454
(both,april)	372
(both,area)	403
(both,both)	1924
(both,century)	500
(both,city)	602
(both,county)	226
(both,december)	277
(both,early)	558
(both,film)	387
(both,first)	1611
(both,high)	652
(both,history)	559
(both,including)	660
(both,january)	316
(both,john)	448
(both,july)	318
(both,june)	324
(both,known)	789
(both,life)	589
(both,made)	808
(both,march)	365
(both,national)	568
(both,news)	352
(both,north)	381
(both,november)	330
(both,october)	334
(both,org)	377
(both,part)	644
(both,people)	609
(both,population)	186
(both,press)	296
(both,school)	366
(both,september)	342
(both,south)	379
(both,state)	631
(both,states)	452
(both,three)	705
(both,through)	867
(both,time)	1340
(both,town)	258
(both,two)	2203
(both,united)	438
(both,university)	435
(both,war)	646
(both,world)	801
(both,year)	600
(both,years)	699
(both,york)	368
(century,age)	246
(century,american)	586
(century,april)	212
(century,area)	522
(century,both)	500
(century,century)	3878
(century,city)	861
(century,county)	221
(century,december)	194
(century,early)	2149
(century,film)	174
(century,first)	1891
(century,high)	276
(century,history)	1194
(century,including)	442
(century,january)	233
(century,john)	624
(century,july)	181
(century,june)	172
(century,known)	867
(century,life)	453
(century,made)	613
(century,march)	251
(century,national)	318
(century,news)	111
(century,north)	406
(century,november)	144
(century,october)	152
(century,org)	261
(century,part)	703
(century,people)	1012
(century,population)	356
(century,press)	399
(century,school)	279
(century,september)	172
(century,south)	411
(century,state)	459
(century,states)	329
(century,three)	412
(century,through)	519
(century,time)	869
(century,town)	600
(century,two)	774
(century,united)	309
(century,university)	507
(century,war)	508
(century,world)	693
(century,year)	418
(century,years)	561
(century,york)	350
(city,age)	1324
(city,american)	1205
(city,april)	684
(city,area)	2486
(city,both)	602
(city,century)	861
(city,city)	13530
(city,county)	2996
(city,december)	542
(city,early)	521
(city,film)	317
(city,first)	1634
(city,high)	591
(city,history)	1260
(city,including)	757
(city,january)	632
(city,john)	601
(city,july)	583
(city,june)	561
(city,known)	893
(city,life)	455
(city,made)	545
(city,march)	635
(city,national)	977
(city,news)	722
(city,north)	1374
(city,november)	577
(city,october)	589
(city,org)	634
(city,part)	1059
(city,people)	1887
(city,population)	3128
(city,press)	378
(city,school)	949
(city,september)	685
(city,south)	1344
(city,state)	1492
(city,states)	1163
(city,three)	654
(city,through)	788
(city,time)	911
(city,town)	1439
(city,two)	1354
(city,united)	1459
(city,university)	981
(city,war)	689
(city,world)	1004
(city,year)	873
(city,years)	800
(city,york)	3400
(county,age)	758
(county,american)	648
(county,april)	297
(county,area)	1766
(county,both)	226
(county,century)	221
(county,city)	2996
(county,county)	20926
(county,december)	299
(county,early)	250
(county,film)	47
(county,first)	649
(county,high)	301
(county,history)	1087
(county,including)	304
(county,january)	339
(county,john)	471
(county,july)	280
(county,june)	268
(county,known)	257
(county,life)	167
(county,made)	171
(county,march)	321
(county,national)	827
(county,news)	239
(county,north)	1756
(county,november)	287
(county,october)	191
(county,org)	503
(county,part)	867
(county,people)	1129
(county,population)	1665
(county,press)	103
(county,school)	954
(county,september)	218
(county,south)	1411
(county,state)	2385
(county,states)	741
(county,three)	321
(county,through)	382
(county,time)	294
(county,town)	2350
(county,two)	571
(county,united)	1656
(county,university)	428
(county,war)	555
(county,world)	148
(county,year)	379
(county,years)	298
(county,york)	889
(december,age)	139
(december,american)	644
(december,april)	881
(december,area)	192
(december,both)	277
(december,century)	194
(december,city)	542
(december,county)	299
(december,december)	3816
(december,early)	350
(december,film)	361
(december,first)	1132
(december,high)	260
(december,history)	494
(december,including)	324
(december,january)	1256
(december,john)	526
(december,july)	852
(december,june)	768
(december,known)	347
(december,life)	324
(december,made)	353
(december,march)	943
(december,national)	513
(december,news)	1049
(december,north)	277
(december,november)	1094
(december,october)	928
(december,org)	843
(december,part)	328
(december,people)	464
(december,population)	190
(december,press)	359
(december,school)	233
(december,september)	777
(december,south)	305
(december,state)	474
(december,states)	372
(december,three)	326
(december,through)	322
(december,time)	685
(december,town)	150
(december,two)	695
(december,united)	486
(december,university)	343
(december,war)	444
(december,world)	567
(december,year)	609
(december,years)	429
(december,york)	611
(early,age)	461
(early,american)	570
(early,april)	356
(early,area)	417
(early,both)	558
(early,century)	2149
(early,city)	521
(early,county)	250
(early,december)	350
(early,early)	1662
(early,film)	348
(early,first)	1791
(early,high)	412
(early,history)	1304
(early,including)	585
(early,january)	337
(early,john)	545
(early,july)	360
(early,june)	344
(early,known)	905
(early,life)	1580
(early,made)	669
(early,march)	389
(early,national)	367
(early,news)	216
(early,north)	312
(early,november)	309
(early,october)	347
(early,org)	359
(early,part)	612
(early,people)	456
(early,population)	164
(early,press)	370
(early,school)	351
(early,september)	360
(early,south)	309
(early,state)	374
(early,states)	337
(early,three)	476
(early,through)	558
(early,time)	1068
(early,town)	325
(early,two)	987
(early,united)	262
(early,university)	385
(early,war)	563
(early,world)	639
(early,year)	498
(early,years)	1196
(early,york)	416
(film,age)	139
(film,american)	1545
(film,april)	346
(film,area)	110
(film,both)	387
(film,century)	174
(film,city)	317
(film,county)	47
(film,december)	361
(film,early)	348
(film,film)	9780
(film,first)	1468
(film,high)	237
(film,history)	353
(film,including)	498
(film,january)	387
(film,john)	673
(film,july)	370
(film,june)	324
(film,known)	412
(film,life)	632
(film,made)	852
(film,march)	335
(film,national)	456
(film,news)	443
(film,north)	179
(film,november)	304
(film,october)	374
(film,org)	337
(film,part)	436
(film,people)	445
(film,population)	13
(film,press)	225
(film,school)	212
(film,september)	356
(film,south)	151
(film,state)	135
(film,states)	194
(film,three)	422
(film,through)	307
(film,time)	878
(film,town)	135
(film,two)	755
(film,united)	276
(film,university)	239
(film,war)	325
(film,world)	639
(film,year)	741
(film,years)	450
(film,york)	630
(first,age)	670
(first,american)	1714
(first,april)	1314
(first,area)	881
(first,both)	1611
(first,century)	1891
(first,city)	1634
(first,county)	649
(first,december)	1132
(first,early)	1791
(first,film)	1468
(first,first)	9904
(first,high)	1019
(first,history)	2317
(first,including)	1251
(first,january)	1239
(first,john)	1606
(first,july)	1194
(first,june)	1120
(first,known)	2028
(first,life)	1321
(first,made)	2062
(first,march)	1266
(first,national)	1371
(first,news)	999
(first,north)	918
(first,november)	1150
(first,october)	1244
(first,org)	763
(first,part)	1603
(first,people)	1137
(first,population)	339
(first,press)	802
(first,school)	1043
(first,september)	1276
(first,south)	969
(first,state)	1333
(first,states)	996
(first,three)	2353
(first,through)	1463
(first,time)	4549
(first,town)	903
(first,two)	4489
(first,united)	1345
(first,university)	1316
(first,war)	1872
(first,world)	2937
(first,year)	2499
(first,years)	2340
(first,york)	1090
(high,age)	214
(high,american)	369
(high,april)	327
(high,area)	512
(high,both)	652
(high,century)	276
(high,city)	591
(high,county)	301
(high,december)	260
(high,early)	412
(high,film)	237
(high,first)	1019
(high,high)	3426
(high,history)	361
(high,including)	585
(high,january)	342
(high,john)	298
(high,july)	374
(high,june)	252
(high,known)	722
(high,life)	397
(high,made)	620
(high,march)	316
(high,national)	473
(high,news)	287
(high,north)	412
(high,november)	260
(high,october)	260
(high,org)	449
(high,part)	445
(high,people)	490
(high,population)	225
(high,press)	204
(high,school)	5824
(high,september)	275
(high,south)	427
(high,state)	477
(high,states)	326
(high,three)	605
(high,through)	654
(high,time)	930
(high,town)	272
(high,two)	1161
(high,united)	271
(high,university)	403
(high,war)	315
(high,world)	555
(high,year)	522
(high,years)	536
(high,york)	288
(history,age)	460
(history,american)	1344
(history,april)	613
(history,area)	746
(history,both)	559
(history,century)	1194
(history,city)	1260
(history,county)	1087
(history,december)	494
(history,early)	1304
(history,film)	353
(history,first)	2317
(history,high)	361
(history,history)	6058
(history,including)	616
(history,january)	574
(history,john)	1061
(history,july)	482
(history,june)	509
(history,known)	844
(history,life)	640
(history,made)	548
(history,march)	589
(history,national)	932
(history,news)	418
(history,north)	646
(history,november)	486
(history,october)	453
(history,org)	1254
(history,part)	738
(history,people)	930
(history,population)	429
(history,press)	1267
(history,school)	519
(history,september)	534
(history,south)	566
(history,state)	869
(history,states)	689
(history,three)	565
(history,through)	635
(history,time)	1217
(history,town)	707
(history,two)	946
(history,united)	767
(history,university)	1624
(history,war)	1083
(history,world)	1317
(history,year)	622
(history,years)	890
(history,york)	903
(including,age)	1422
(including,american)	567
(including,april)	378
(including,area)	515
(including,both)	660
(including,century)	442
(including,city)	757
(including,county)	304
(including,december)	324
(including,early)	585
(including,film)	498
(including,first)	1251
(including,high)	585
(including,history)	616
(including,including)	1228
(including,january)	368
(including,john)	541
(including,july)	337
(including,june)	334
(including,known)	828
(including,life)	496
(including,made)	649
(including,march)	361
(including,national)	616
(including,news)	373
(including,north)	415
(including,november)	271
(including,october)	306
(including,org)	439
(including,part)	598
(including,people)	672
(including,population)	1549
(including,press)	282
(including,school)	347
(including,september)	351
(including,south)	423
(including,state)	555
(including,states)	429
(including,three)	723
(including,through)	671
(including,time)	993
(including,town)	328
(including,two)	1206
(including,united)	460
(including,university)	501
(including,war)	628
(including,world)	828
(including,year)	577
(including,years)	651
(including,york)	371
(january,age)	162
(january,american)	939
(january,april)	882
(january,area)	259
(january,both)	316
(january,century)	233
(january,city)	632
(january,county)	339
(january,december)	1256
(january,early)	337
(january,film)	387
(january,first)	1239
(january,high)	342
(january,history)	574
(january,including)	368
(january,january)	4532
(january,john)	575
(january,july)	832
(january,june)	832
(january,known)	319
(january,life)	366
(january,made)	405
(january,march)	1130
(january,national)	567
(january,news)	1187
(january,north)	288
(january,november)	892
(january,october)	837
(january,org)	878
(january,part)	379
(january,people)	445
(january,population)	200
(january,press)	334
(january,school)	249
(january,september)	880
(january,south)	321
(january,state)	532
(january,states)	393
(january,three)	324
(january,through)	328
(january,time)	707
(january,town)	209
(january,two)	710
(january,united)	514
(january,university)	479
(january,war)	446
(january,world)	597
(january,year)	748
(january,years)	469
(january,york)	585
(john,age)	224
(john,american)	1358
(john,april)	512
(john,area)	204
(john,both)	448
(john,century)	624
(john,city)	601
(john,county)	471
(john,december)	526
(john,early)	545
(john,film)	673
(john,first)	1606
(john,high)	298
(john,history)	1061
(john,including)	541
(john,january)	575
(john,john)	8502
(john,july)	507
(john,june)	547
(john,known)	587
(john,life)	755
(john,made)	477
(john,march)	635
(john,national)	565
(john,news)	399
(john,north)	468
(john,november)	516
(john,october)	517
(john,org)	492
(john,part)	457
(john,people)	593
(john,population)	88
(john,press)	923
(john,school)	471
(john,september)	482
(john,south)	417
(john,state)	620
(john,states)	492
(john,three)	538
(john,through)	423
(john,time)	897
(john,town)	325
(john,two)	924
(john,united)	668
(john,university)	1027
(john,war)	742
(john,world)	692
(john,year)	565
(john,years)	669
(john,york)	1045
(july,age)	154
(july,american)	656
(july,april)	961
(july,area)	214
(july,both)	318
(july,century)	181
(july,city)	583
(july,county)	280
(july,december)	852
(july,early)	360
(july,film)	370
(july,first)	1194
(july,high)	374
(july,history)	482
(july,including)	337
(july,january)	832
(july,john)	507
(july,july)	3886
(july,june)	1353
(july,known)	350
(july,life)	348
(july,made)	415
(july,march)	884
(july,national)	503
(july,news)	1138
(july,north)	294
(july,november)	677
(july,october)	806
(july,org)	908
(july,part)	379
(july,people)	486
(july,population)	204
(july,press)	375
(july,school)	230
(july,september)	1066
(july,south)	282
(july,state)	467
(july,states)	313
(july,three)	407
(july,through)	320
(july,time)	693
(july,town)	253
(july,two)	733
(july,united)	482
(july,university)	371
(july,war)	480
(july,world)	651
(july,year)	628
(july,years)	444
(july,york)	665
(june,age)	151
(june,american)	730
(june,april)	1082
(june,area)	199
(june,both)	324
(june,century)	172
(june,city)	561
(june,county)	268
(june,december)	768
(june,early)	344
(june,film)	324
(june,first)	1120
(june,high)	252
(june,history)	509
(june,including)	334
(june,january)	832
(june,john)	547
(june,july)	1353
(june,june)	3748
(june,known)	338
(june,life)	390
(june,made)	397
(june,march)	920
(june,national)	585
(june,news)	1190
(june,north)	303
(june,november)	719
(june,october)	817
(june,org)	928
(june,part)	350
(june,people)	435
(june,population)	151
(june,press)	389
(june,school)	284
(june,september)	887
(june,south)	309
(june,state)	457
(june,states)	315
(june,three)	370
(june,through)	409
(june,time)	697
(june,town)	235
(june,two)	719
(june,united)	427
(june,university)	403
(june,war)	522
(june,world)	643
(june,year)	599
(june,years)	453
(june,york)	578
(known,age)	280
(known,american)	791
(known,april)	403
(known,area)	831
(known,both)	789
(known,century)	867
(known,city)	893
(known,county)	257
(known,december)	347
(known,early)	905
(known,film)	412
(known,first)	2028
(known,high)	722
(known,history)	844
(known,including)	828
(known,january)	319
(known,john)	587
(known,july)	350
(known,june)	338
(known,known)	2380
(known,life)	657
(known,made)	871
(known,march)	383
(known,national)	539
(known,news)	256
(known,north)	565
(known,november)	315
(known,october)	364
(known,org)	476
(known,part)	801
(known,people)	765
(known,population)	209
(known,press)	314
(known,school)	429
(known,september)	350
(known,south)	480
(known,state)	594
(known,states)	434
(known,three)	751
(known,through)	821
(known,time)	1374
(known,town)	545
(known,two)	1505
(known,united)	431
(known,university)	546
(known,war)	619
(known,world)	920
(known,year)	565
(known,years)	792
(known,york)	355
(life,age)	376
(life,american)	659
(life,april)	345
(life,area)	187
(life,both)	589
(life,century)	453
(life,city)	455
(life,county)	167
(life,december)	324
(life,early)	1580
(life,film)	632
(life,first)	1321
(life,high)	397
(life,history)	640
(life,including)	496
(life,january)	366
(life,john)	755
(life,july)	348
(life,june)	390
(life,known)	657
(life,life)	3574
(life,made)	601
(life,march)	425
(life,national)	371
(life,news)	458
(life,north)	209
(life,november)	319
(life,october)	355
(life,org)	415
(life,part)	563
(life,people)	727
(life,population)	146
(life,press)	558
(life,school)	425
(life,september)	382
(life,south)	203
(life,state)	362
(life,states)	232
(life,three)	528
(life,through)	632
(life,time)	1248
(life,town)	198
(life,two)	999
(life,united)	236
(life,university)	679
(life,war)	437
(life,world)	908
(life,year)	606
(life,years)	1015
(life,york)	679
(made,age)	1700
(made,american)	494
(made,april)	455
(made,area)	405
(made,both)	808
(made,century)	613
(made,city)	545
(made,county)	171
(made,december)	353
(made,early)	669
(made,film)	852
(made,first)	2062
(made,high)	620
(made,history)	548
(made,including)	649
(made,january)	405
(made,john)	477
(made,july)	415
(made,june)	397
(made,known)	871
(made,life)	601
(made,made)	2386
(made,march)	431
(made,national)	432
(made,news)	391
(made,north)	347
(made,november)	361
(made,october)	398
(made,org)	297
(made,part)	742
(made,people)	646
(made,population)	212
(made,press)	301
(made,school)	254
(made,september)	373
(made,south)	390
(made,state)	512
(made,states)	354
(made,three)	718
(made,through)	750
(made,time)	1428
(made,town)	278
(made,two)	1419
(made,united)	372
(made,university)	310
(made,war)	636
(made,world)	755
(made,year)	751
(made,years)	2272
(made,york)	394
(march,age)	149
(march,american)	724
(march,april)	1506
(march,area)	243
(march,both)	365
(march,century)	251
(march,city)	635
(march,county)	321
(march,december)	943
(march,early)	389
(march,film)	335
(march,first)	1266
(march,high)	316
(march,history)	589
(march,including)	361
(march,january)	1130
(march,john)	635
(march,july)	884
(march,june)	920
(march,known)	383
(march,life)	425
(march,made)	431
(march,march)	4632
(march,national)	601
(march,news)	1258
(march,north)	330
(march,november)	780
(march,october)	850
(march,org)	1004
(march,part)	425
(march,people)	550
(march,population)	205
(march,press)	419
(march,school)	229
(march,september)	917
(march,south)	356
(march,state)	576
(march,states)	357
(march,three)	453
(march,through)	381
(march,time)	783
(march,town)	278
(march,two)	804
(march,united)	538
(march,university)	526
(march,war)	616
(march,world)	750
(march,year)	669
(march,years)	465
(march,york)	626
(national,age)	193
(national,american)	1024
(national,april)	644
(national,area)	699
(national,both)	568
(national,century)	318
(national,city)	977
(national,county)	827
(national,december)	513
(national,early)	367
(national,film)	456
(national,first)	1371
(national,high)	473
(national,history)	932
(national,including)	616
(national,january)	567
(national,john)	565
(national,july)	503
(national,june)	585
(national,known)	539
(national,life)	371
(national,made)	432
(national,march)	601
(national,national)	6832
(national,news)	746
(national,north)	509
(national,november)	507
(national,october)	516
(national,org)	770
(national,part)	838
(national,people)	833
(national,population)	327
(national,press)	454
(national,school)	603
(national,september)	555
(national,south)	638
(national,state)	1164
(national,states)	937
(national,three)	500
(national,through)	493
(national,time)	658
(national,town)	336
(national,two)	851
(national,united)	1063
(national,university)	1245
(national,war)	688
(national,world)	1067
(national,year)	783
(national,years)	598
(national,york)	500
(news,age)	141
(news,american)	435
(news,april)	1275
(news,area)	175
(news,both)	352
(news,century)	111
(news,city)	722
(news,county)	239
(news,december)	1049
(news,early)	216
(news,film)	443
(news,first)	999
(news,high)	287
(news,history)	418
(news,including)	373
(news,january)	1187
(news,john)	399
(news,july)	1138
(news,june)	1190
(news,known)	256
(news,life)	458
(news,made)	391
(news,march)	1258
(news,national)	746
(news,news)	6700
(news,north)	351
(news,november)	1037
(news,october)	1147
(news,org)	1106
(news,part)	353
(news,people)	517
(news,population)	94
(news,press)	635
(news,school)	302
(news,september)	1161
(news,south)	373
(news,state)	424
(news,states)	254
(news,three)	348
(news,through)	272
(news,time)	714
(news,town)	178
(news,two)	635
(news,united)	419
(news,university)	498
(news,war)	354
(news,world)	1688
(news,year)	540
(news,years)	546
(news,york)	551
(north,age)	153
(north,american)	1236
(north,april)	290
(north,area)	1061
(north,both)	381
(north,century)	406
(north,city)	1374
(north,county)	1756
(north,december)	277
(north,early)	312
(north,film)	179
(north,first)	918
(north,high)	412
(north,history)	646
(north,including)	415
(north,january)	288
(north,john)	468
(north,july)	294
(north,june)	303
(north,known)	565
(north,life)	209
(north,made)	347
(north,march)	330
(north,national)	509
(north,news)	351
(north,north)	4502
(north,november)	271
(north,october)	293
(north,org)	331
(north,part)	744
(north,people)	502
(north,population)	337
(north,press)	327
(north,school)	417
(north,september)	305
(north,south)	3608
(north,state)	983
(north,states)	503
(north,three)	473
(north,through)	646
(north,time)	493
(north,town)	1014
(north,two)	891
(north,united)	613
(north,university)	778
(north,war)	526
(north,world)	489
(north,year)	377
(north,years)	385
(north,york)	421
(november,age)	140
(november,american)	595
(november,april)	812
(november,area)	181
(november,both)	330
(november,century)	144
(november,city)	577
(november,county)	287
(november,december)	1094
(november,early)	309
(november,film)	304
(november,first)	1150
(november,high)	260
(november,history)	486
(november,including)	271
(november,january)	892
(november,john)	516
(november,july)	677
(november,june)	719
(november,known)	315
(november,life)	319
(november,made)	361
(november,march)	780
(november,national)	507
(november,news)	1037
(november,north)	271
(november,november)	3860
(november,october)	1295
(november,org)	806
(november,part)	350
(november,people)	411
(november,population)	140
(november,press)	439
(november,school)	269
(november,september)	806
(november,south)	311
(november,state)	454
(november,states)	294
(november,three)	356
(november,through)	299
(november,time)	650
(november,town)	194
(november,two)	687
(november,united)	438
(november,university)	471
(november,war)	453
(november,world)	605
(november,year)	545
(november,years)	410
(november,york)	574
(october,age)	188
(october,american)	672
(october,april)	949
(october,area)	193
(october,both)	334
(october,century)	152
(october,city)	589
(october,county)	191
(october,december)	928
(october,early)	347
(october,film)	374
(october,first)	1244
(october,high)	260
(october,history)	453
(october,including)	306
(october,january)	837
(october,john)	517
(october,july)	806
(october,june)	817
(october,known)	364
(october,life)	355
(october,made)	398
(october,march)	850
(october,national)	516
(october,news)	1147
(october,north)	293
(october,november)	1295
(october,october)	3782
(october,org)	906
(october,part)	355
(october,people)	468
(october,population)	106
(october,press)	404
(october,school)	229
(october,september)	1300
(october,south)	304
(october,state)	434
(october,states)	318
(october,three)	377
(october,through)	375
(october,time)	708
(october,town)	218
(october,two)	743
(october,united)	504
(october,university)	462
(october,war)	555
(october,world)	733
(october,year)	593
(october,years)	457
(october,york)	583
(org,age)	182
(org,american)	837
(org,april)	1064
(org,area)	294
(org,both)	377
(org,century)	261
(org,city)	634
(org,county)	503
(org,december)	843
(org,early)	359
(org,film)	337
(org,first)	763
(org,high)	449
(org,history)	1254
(org,including)	439
(org,january)	878
(org,john)	492
(org,july)	908
(org,june)	928
(org,known)	476
(org,life)	415
(org,made)	297
(org,march)	1004
(org,national)	770
(org,news)	1106
(org,north)	331
(org,november)	806
(org,october)	906
(org,org)	5924
(org,part)	402
(org,people)	548
(org,population)	252
(org,press)	587
(org,school)	426
(org,september)	935
(org,south)	365
(org,state)	618
(org,states)	481
(org,three)	311
(org,through)	404
(org,time)	566
(org,town)	226
(org,two)	573
(org,united)	566
(org,university)	652
(org,war)	362
(org,world)	1092
(org,year)	445
(org,years)	381
(org,york)	394
(part,age)	227
(part,american)	445
(part,april)	441
(part,area)	1145
(part,both)	644
(part,century)	703
(part,city)	1059
(part,county)	867
(part,december)	328
(part,early)	612
(part,film)	436
(part,first)	1603
(part,high)	445
(part,history)	738
(part,including)	598
(part,january)	379
(part,john)	457
(part,july)	379
(part,june)	350
(part,known)	801
(part,life)	563
(part,made)	742
(part,march)	425
(part,national)	838
(part,news)	353
(part,north)	744
(part,november)	350
(part,october)	355
(part,org)	402
(part,part)	2910
(part,people)	603
(part,population)	394
(part,press)	309
(part,school)	459
(part,september)	366
(part,south)	767
(part,state)	844
(part,states)	459
(part,three)	668
(part,through)	729
(part,time)	1329
(part,town)	841
(part,two)	1385
(part,united)	416
(part,university)	474
(part,war)	797
(part,world)	835
(part,year)	548
(part,years)	634
(part,york)	373
(people,age)	651
(people,american)	2153
(people,april)	592
(people,area)	1034
(people,both)	609
(people,century)	1012
(people,city)	1887
(people,county)	1129
(people,december)	464
(people,early)	456
(people,film)	445
(people,first)	1137
(people,high)	490
(people,history)	930
(people,including)	672
(people,january)	445
(people,john)	593
(people,july)	486
(people,june)	435
(people,known)	765
(people,life)	727
(people,made)	646
(people,march)	550
(people,national)	833
(people,news)	517
(people,north)	502
(people,november)	411
(people,october)	468
(people,org)	548
(people,part)	603
(people,people)	8212
(people,population)	2857
(people,press)	391
(people,school)	565
(people,september)	503
(people,south)	603
(people,state)	876
(people,states)	736
(people,three)	554
(people,through)	669
(people,time)	1135
(people,town)	1028
(people,two)	1105
(people,united)	845
(people,university)	955
(people,war)	818
(people,world)	1129
(people,year)	537
(people,years)	780
(people,york)	573
(population,age)	3679
(population,american)	522
(population,april)	207
(population,area)	1019
(population,both)	186
(population,century)	356
(population,city)	3128
(population,county)	1665
(population,december)	190
(population,early)	164
(population,film)	13
(population,first)	339
(population,high)	225
(population,history)	429
(population,including)	1549
(population,january)	200
(population,john)	88
(population,july)	204
(population,june)	151
(population,known)	209
(population,life)	146
(population,made)	212
(population,march)	205
(population,national)	327
(population,news)	94
(population,north)	337
(population,november)	140
(population,october)	106
(population,org)	252
(population,part)	394
(population,people)	2857
(population,population)	3938
(population,press)	84
(population,school)	159
(population,september)	107
(population,south)	425
(population,state)	682
(population,states)	1120
(population,three)	176
(population,through)	194
(population,time)	323
(population,town)	1512
(population,two)	1628
(population,united)	500
(population,university)	168
(population,war)	274
(population,world)	424
(population,year)	299
(population,years)	406
(population,york)	97
(press,age)	161
(press,american)	669
(press,april)	428
(press,area)	121
(press,both)	296
(press,century)	399
(press,city)	378
(press,county)	103
(press,december)	359
(press,early)	370
(press,film)	225
(press,first)	802
(press,high)	204
(press,history)	1267
(press,including)	282
(press,january)	334
(press,john)	923
(press,july)	375
(press,june)	389
(press,known)	314
(press,life)	558
(press,made)	301
(press,march)	419
(press,national)	454
(press,news)	635
(press,north)	327
(press,november)	439
(press,october)	404
(press,org)	587
(press,part)	309
(press,people)	391
(press,population)	84
(press,press)	2134
(press,school)	169
(press,september)	412
(press,south)	233
(press,state)	409
(press,states)	223
(press,three)	274
(press,through)	306
(press,time)	581
(press,town)	108
(press,two)	501
(press,united)	375
(press,university)	8463
(press,war)	541
(press,world)	785
(press,year)	251
(press,years)	373
(press,york)	1478
(school,age)	419
(school,american)	441
(school,april)	355
(school,area)	468
(school,both)	366
(school,century)	279
(school,city)	949
(school,county)	954
(school,december)	233
(school,early)	351
(school,film)	212
(school,first)	1043
(school,high)	5824
(school,history)	519
(school,including)	347
(school,january)	249
(school,john)	471
(school,july)	230
(school,june)	284
(school,known)	429
(school,life)	425
(school,made)	254
(school,march)	229
(school,national)	603
(school,news)	302
(school,north)	417
(school,november)	269
(school,october)	229
(school,org)	426
(school,part)	459
(school,people)	565
(school,population)	159
(school,press)	169
(school,school)	11372
(school,september)	293
(school,south)	425
(school,state)	768
(school,states)	278
(school,three)	432
(school,through)	476
(school,time)	588
(school,town)	455
(school,two)	785
(school,united)	390
(school,university)	2274
(school,war)	230
(school,world)	349
(school,year)	825
(school,years)	647
(school,york)	368
(september,age)	119
(september,american)	686
(september,april)	897
(september,area)	243
(september,both)	342
(september,century)	172
(september,city)	685
(september,county)	218
(september,december)	777
(september,early)	360
(september,film)	356
(september,first)	1276
(september,high)	275
(september,history)	534
(september,including)	351
(september,january)	880
(september,john)	482
(september,july)	1066
(september,june)	887
(september,known)	350
(september,life)	382
(september,made)	373
(september,march)	917
(september,national)	555
(september,news)	1161
(september,north)	305
(september,november)	806
(september,october)	1300
(september,org)	935
(september,part)	366
(september,people)	503
(september,population)	107
(september,press)	412
(september,school)	293
(september,september)	3850
(september,south)	307
(september,state)	429
(september,states)	367
(september,three)	398
(september,through)	349
(september,time)	714
(september,town)	244
(september,two)	774
(september,united)	550
(september,university)	490
(september,war)	597
(september,world)	715
(september,year)	590
(september,years)	428
(september,york)	685
(south,age)	129
(south,american)	769
(south,april)	322
(south,area)	925
(south,both)	379
(south,century)	411
(south,city)	1344
(south,county)	1411
(south,december)	305
(south,early)	309
(south,film)	151
(south,first)	969
(south,high)	427
(south,history)	566
(south,including)	423
(south,january)	321
(south,john)	417
(south,july)	282
(south,june)	309
(south,known)	480
(south,life)	203
(south,made)	390
(south,march)	356
(south,national)	638
(south,news)	373
(south,north)	3608
(south,november)	311
(south,october)	304
(south,org)	365
(south,part)	767
(south,people)	603
(south,population)	425
(south,press)	233
(south,school)	425
(south,september)	307
(south,south)	5042
(south,state)	756
(south,states)	532
(south,three)	426
(south,through)	594
(south,time)	483
(south,town)	835
(south,two)	864
(south,united)	610
(south,university)	618
(south,war)	529
(south,world)	681
(south,year)	363
(south,years)	376
(south,york)	322
(state,age)	190
(state,american)	681
(state,april)	461
(state,area)	619
(state,both)	631
(state,century)	459
(state,city)	1492
(state,county)	2385
(state,december)	474
(state,early)	374
(state,film)	135
(state,first)	1333
(state,high)	477
(state,history)	869
(state,including)	555
(state,january)	532
(state,john)	620
(state,july)	467
(state,june)	457
(state,known)	594
(state,life)	362
(state,made)	512
(state,march)	576
(state,national)	1164
(state,news)	424
(state,north)	983
(state,november)	454
(state,october)	434
(state,org)	618
(state,part)	844
(state,people)	876
(state,population)	682
(state,press)	409
(state,school)	768
(state,september)	429
(state,south)	756
(state,state)	7762
(state,states)	1783
(state,three)	563
(state,through)	694
(state,time)	908
(state,town)	474
(state,two)	1053
(state,united)	865
(state,university)	2495
(state,war)	785
(state,world)	632
(state,year)	648
(state,years)	645
(state,york)	2367
(states,age)	124
(states,american)	1240
(states,april)	376
(states,area)	652
(states,both)	452
(states,century)	329
(states,city)	1163
(states,county)	741
(states,december)	372
(states,early)	337
(states,film)	194
(states,first)	996
(states,high)	326
(states,history)	689
(states,including)	429
(states,january)	393
(states,john)	492
(states,july)	313
(states,june)	315
(states,known)	434
(states,life)	232
(states,made)	354
(states,march)	357
(states,national)	937
(states,news)	254
(states,north)	503
(states,november)	294
(states,october)	318
(states,org)	481
(states,part)	459
(states,people)	736
(states,population)	1120
(states,press)	223
(states,school)	278
(states,september)	367
(states,south)	532
(states,state)	1783
(states,states)	1858
(states,three)	343
(states,through)	397
(states,time)	634
(states,town)	406
(states,two)	778
(states,united)	25580
(states,university)	480
(states,war)	778
(states,world)	871
(states,year)	373
(states,years)	382
(states,york)	632
(three,age)	282
(three,american)	447
(three,april)	427
(three,area)	447
(three,both)	705
(three,century)	412
(three,city)	654
(three,county)	321
(three,december)	326
(three,early)	476
(three,film)	422
(three,first)	2353
(three,high)	605
(three,history)	565
(three,including)	723
(three,january)	324
(three,john)	538
(three,july)	407
(three,june)	370
(three,known)	751
(three,life)	528
(three,made)	718
(three,march)	453
(three,national)	500
(three,news)	348
(three,north)	473
(three,november)	356
(three,october)	377
(three,org)	311
(three,part)	668
(three,people)	554
(three,population)	176
(three,press)	274
(three,school)	432
(three,september)	398
(three,south)	426
(three,state)	563
(three,states)	343
(three,three)	3046
(three,through)	671
(three,time)	1296
(three,town)	310
(three,two)	3209
(three,united)	371
(three,university)	405
(three,war)	505
(three,world)	792
(three,year)	1088
(three,years)	1735
(three,york)	396
(through,age)	223
(through,american)	413
(through,april)	362
(through,area)	630
(through,both)	867
(through,century)	519
(through,city)	788
(through,county)	382
(through,december)	322
(through,early)	558
(through,film)	307
(through,first)	1463
(through,high)	654
(through,history)	635
(through,including)	671
(through,january)	328
(through,john)	423
(through,july)	320
(through,june)	409
(through,known)	821
(through,life)	632
(through,made)	750
(through,march)	381
(through,national)	493
(through,news)	272
(through,north)	646
(through,november)	299
(through,october)	375
(through,org)	404
(through,part)	729
(through,people)	669
(through,population)	194
(through,press)	306
(through,school)	476
(through,september)	349
(through,south)	594
(through,state)	694
(through,states)	397
(through,three)	671
(through,through)	2784
(through,time)	1295
(through,town)	518
(through,two)	1481
(through,united)	340
(through,university)	403
(through,war)	547
(through,world)	815
(through,year)	490
(through,years)	646
(through,york)	337
(time,age)	476
(time,american)	847
(time,april)	760
(time,area)	536
(time,both)	1340
(time,century)	869
(time,city)	911
(time,county)	294
(time,december)	685
(time,early)	1068
(time,film)	878
(time,first)	4549
(time,high)	930
(time,history)	1217
(time,including)	993
(time,january)	707
(time,john)	897
(time,july)	693
(time,june)	697
(time,known)	1374
(time,life)	1248
(time,made)	1428
(time,march)	783
(time,national)	658
(time,news)	714
(time,north)	493
(time,november)	650
(time,october)	708
(time,org)	566
(time,part)	1329
(time,people)	1135
(time,population)	323
(time,press)	581
(time,school)	588
(time,september)	714
(time,south)	483
(time,state)	908
(time,states)	634
(time,three)	1296
(time,through)	1295
(time,time)	8486
(time,town)	455
(time,two)	2553
(time,united)	578
(time,university)	711
(time,war)	1051
(time,world)	1604
(time,year)	1389
(time,years)	1722
(time,york)	712
(town,age)	698
(town,american)	497
(town,april)	237
(town,area)	1167
(town,both)	258
(town,century)	600
(town,city)	1439
(town,county)	2350
(town,december)	150
(town,early)	325
(town,film)	135
(town,first)	903
(town,high)	272
(town,history)	707
(town,including)	328
(town,january)	209
(town,john)	325
(town,july)	253
(town,june)	235
(town,known)	545
(town,life)	198
(town,made)	278
(town,march)	278
(town,national)	336
(town,news)	178
(town,north)	1014
(town,november)	194
(town,october)	218
(town,org)	226
(town,part)	841
(town,people)	1028
(town,population)	1512
(town,press)	108
(town,school)	455
(town,september)	244
(town,south)	835
(town,state)	474
(town,states)	406
(town,three)	310
(town,through)	518
(town,time)	455
(town,town)	5216
(town,two)	639
(town,united)	285
(town,university)	165
(town,war)	386
(town,world)	281
(town,year)	315
(town,years)	409
(town,york)	330
(two,age)	435
(two,american)	2265
(two,april)	818
(two,area)	870
(two,both)	2203
(two,century)	774
(two,city)	1354
(two,county)	571
(two,december)	695
(two,early)	987
(two,film)	755
(two,first)	4489
(two,high)	1161
(two,history)	946
(two,including)	1206
(two,january)	710
(two,john)	924
(two,july)	733
(two,june)	719
(two,known)	1505
(two,life)	999
(two,made)	1419
(two,march)	804
(two,national)	851
(two,news)	635
(two,north)	891
(two,november)	687
(two,october)	743
(two,org)	573
(two,part)	1385
(two,people)	1105
(two,population)	1628
(two,press)	501
(two,school)	785
(two,september)	774
(two,south)	864
(two,state)	1053
(two,states)	778
(two,three)	3209
(two,through)	1481
(two,time)	2553
(two,town)	639
(two,two)	7456
(two,united)	684
(two,university)	761
(two,war)	1003
(two,world)	1313
(two,year)	1750
(two,years)	2713
(two,york)	665
(united,age)	164
(united,american)	1096
(united,april)	542
(united,area)	434
(united,both)	438
(united,century)	309
(united,city)	1459
(united,county)	1656
(united,december)	486
(united,early)	262
(united,film)	276
(united,first)	1345
(united,high)	271
(united,history)	767
(united,including)	460
(united,january)	514
(united,john)	668
(united,july)	482
(united,june)	427
(united,known)	431
(united,life)	236
(united,made)	372
(united,march)	538
(united,national)	1063
(united,news)	419
(united,north)	613
(united,november)	438
(united,october)	504
(united,org)	566
(united,part)	416
(united,people)	845
(united,population)	500
(united,press)	375
(united,school)	390
(united,september)	550
(united,south)	610
(united,state)	865
(united,states)	25580
(united,three)	371
(united,through)	340
(united,time)	578
(united,town)	285
(united,two)	684
(united,united)	3080
(united,university)	624
(united,war)	1084
(united,world)	850
(united,year)	517
(united,years)	443
(united,york)	662
(university,age)	244
(university,american)	1176
(university,april)	507
(university,area)	310
(university,both)	435
(university,century)	507
(university,city)	981
(university,county)	428
(university,december)	343
(university,early)	385
(university,film)	239
(university,first)	1316
(university,high)	403
(university,history)	1624
(university,including)	501
(university,january)	479
(university,john)	1027
(university,july)	371
(university,june)	403
(university,known)	546
(university,life)	679
(university,made)	310
(university,march)	526
(university,national)	1245
(university,news)	498
(university,north)	778
(university,november)	471
(university,october)	462
(university,org)	652
(university,part)	474
(university,people)	955
(university,population)	168
(university,press)	8463
(university,school)	2274
(university,september)	490
(university,south)	618
(university,state)	2495
(university,states)	480
(university,three)	405
(university,through)	403
(university,time)	711
(university,town)	165
(university,two)	761
(university,united)	624
(university,university)	11930
(university,war)	521
(university,world)	1103
(university,year)	759
(university,years)	629
(university,york)	1260
(war,age)	192
(war,american)	1918
(war,april)	541
(war,area)	419
(war,both)	646
(war,century)	508
(war,city)	689
(war,county)	555
(war,december)	444
(war,early)	563
(war,film)	325
(war,first)	1872
(war,high)	315
(war,history)	1083
(war,including)	628
(war,january)	446
(war,john)	742
(war,july)	480
(war,june)	522
(war,known)	619
(war,life)	437
(war,made)	636
(war,march)	616
(war,national)	688
(war,news)	354
(war,north)	526
(war,november)	453
(war,october)	555
(war,org)	362
(war,part)	797
(war,people)	818
(war,population)	274
(war,press)	541
(war,school)	230
(war,september)	597
(war,south)	529
(war,state)	785
(war,states)	778
(war,three)	505
(war,through)	547
(war,time)	1051
(war,town)	386
(war,two)	1003
(war,united)	1084
(war,university)	521
(war,war)	7072
(war,world)	6842
(war,year)	563
(war,years)	1231
(war,york)	581
(world,age)	322
(world,american)	983
(world,april)	709
(world,area)	420
(world,both)	801
(world,century)	693
(world,city)	1004
(world,county)	148
(world,december)	567
(world,early)	639
(world,film)	639
(world,first)	2937
(world,high)	555
(world,history)	1317
(world,including)	828
(world,january)	597
(world,john)	692
(world,july)	651
(world,june)	643
(world,known)	920
(world,life)	908
(world,made)	755
(world,march)	750
(world,national)	1067
(world,news)	1688
(world,north)	489
(world,november)	605
(world,october)	733
(world,org)	1092
(world,part)	835
(world,people)	1129
(world,population)	424
(world,press)	785
(world,school)	349
(world,september)	715
(world,south)	681
(world,state)	632
(world,states)	871
(world,three)	792
(world,through)	815
(world,time)	1604
(world,town)	281
(world,two)	1313
(world,united)	850
(world,university)	1103
(world,war)	6842
(world,world)	7334
(world,year)	1146
(world,years)	917
(world,york)	971
(year,age)	404
(year,american)	599
(year,april)	585
(year,area)	332
(year,both)	600
(year,century)	418
(year,city)	873
(year,county)	379
(year,december)	609
(year,early)	498
(year,film)	741
(year,first)	2499
(year,high)	522
(year,history)	622
(year,including)	577
(year,january)	748
(year,john)	565
(year,july)	628
(year,june)	599
(year,known)	565
(year,life)	606
(year,made)	751
(year,march)	669
(year,national)	783
(year,news)	540
(year,north)	377
(year,november)	545
(year,october)	593
(year,org)	445
(year,part)	548
(year,people)	537
(year,population)	299
(year,press)	251
(year,school)	825
(year,september)	590
(year,south)	363
(year,state)	648
(year,states)	373
(year,three)	1088
(year,through)	490
(year,time)	1389
(year,town)	315
(year,two)	1750
(year,united)	517
(year,university)	759
(year,war)	563
(year,world)	1146
(year,year)	5152
(year,years)	1408
(year,york)	479
(years,age)	8058
(years,american)	616
(years,april)	506
(years,area)	454
(years,both)	699
(years,century)	561
(years,city)	800
(years,county)	298
(years,december)	429
(years,early)	1196
(years,film)	450
(years,first)	2340
(years,high)	536
(years,history)	890
(years,including)	651
(years,january)	469
(years,john)	669
(years,july)	444
(years,june)	453
(years,known)	792
(years,life)	1015
(years,made)	2272
(years,march)	465
(years,national)	598
(years,news)	546
(years,north)	385
(years,november)	410
(years,october)	457
(years,org)	381
(years,part)	634
(years,people)	780
(years,population)	406
(years,press)	373
(years,school)	647
(years,september)	428
(years,south)	376
(years,state)	645
(years,states)	382
(years,three)	1735
(years,through)	646
(years,time)	1722
(years,town)	409
(years,two)	2713
(years,united)	443
(years,university)	629
(years,war)	1231
(years,world)	917
(years,year)	1408
(years,years)	3304
(years,york)	532
(york,age)	237
(york,american)	1300
(york,april)	655
(york,area)	249
(york,both)	368
(york,century)	350
(york,city)	3400
(york,county)	889
(york,december)	611
(york,early)	416
(york,film)	630
(york,first)	1090
(york,high)	288
(york,history)	903
(york,including)	371
(york,january)	585
(york,john)	1045
(york,july)	665
(york,june)	578
(york,known)	355
(york,life)	679
(york,made)	394
(york,march)	626
(york,national)	500
(york,news)	551
(york,north)	421
(york,november)	574
(york,october)	583
(york,org)	394
(york,part)	373
(york,people)	573
(york,population)	97
(york,press)	1478
(york,school)	368
(york,september)	685
(york,south)	322
(york,state)	2367
(york,states)	632
(york,three)	396
(york,through)	337
(york,time)	712
(york,town)	330
(york,two)	665
(york,united)	662
(york,university)	1260
(york,war)	581
(york,world)	971
(york,year)	479
(york,years)	532
(york,york)	5376
