(age,age)	14298
(age,american)	671
(age,april)	374
(age,area)	393
(age,both)	381
(age,century)	523
(age,city)	2778
(age,county)	1673
(age,december)	305
(age,early)	832
(age,film)	289
(age,first)	1306
(age,high)	486
(age,history)	953
(age,including)	3126
(age,january)	316
(age,john)	471
(age,july)	303
(age,june)	300
(age,known)	588
(age,life)	742
(age,made)	3380
(age,march)	320
(age,national)	444
(age,news)	290
(age,north)	344
(age,november)	277
(age,october)	334
(age,org)	408
(age,part)	473
(age,people)	1354
(age,population)	6415
(age,press)	400
(age,school)	889
(age,september)	281
(age,south)	281
(age,state)	465
(age,states)	394
(age,three)	550
(age,through)	462
(age,time)	961
(age,town)	1466
(age,two)	1976
(age,united)	418
(age,university)	585
(age,war)	414
(age,world)	722
(age,year)	857
(age,years)	13070
(age,york)	469
(american,age)	671
(american,american)	28696
(american,april)	1447
(american,area)	678
(american,both)	931
(american,century)	1108
(american,city)	2477
(american,county)	1388
(american,december)	1295
(american,early)	1194
(american,film)	2761
(american,first)	3290
(american,high)	838
(american,history)	2299
(american,including)	1168
(american,january)	1538
(american,john)	2666
(american,july)	1258
(american,june)	1408
(american,known)	1471
(american,life)	1289
(american,made)	1037
(american,march)	1386
(american,national)	1970
(american,news)	915
(american,north)	1868
(american,november)	1144
(american,october)	1283
(american,org)	1618
(american,part)	913
(american,people)	4956
(american,population)	2700
(american,press)	1576
(american,school)	971
(american,september)	1344
(american,south)	1385
(american,state)	1393
(american,states)	3087
(american,three)	934
(american,through)	862
(american,time)	1758
(american,town)	981
(american,two)	4559
(american,united)	3207
(american,university)	2494
(american,war)	3148
(american,world)	2133
(american,year)	1216
(american,years)	1301
(american,york)	2698
(april,age)	374
(april,american)	1447
(april,april)	8486
(april,area)	503
(april,both)	775
(april,century)	465
(april,city)	1351
(april,county)	639
(april,december)	1616
(april,early)	789
(april,film)	710
(april,first)	2580
(april,high)	738
(april,history)	1184
(april,including)	815
(april,january)	1719
(april,john)	1032
(april,july)	1780
(april,june)	1969
(april,known)	860
(april,life)	785
(april,made)	912
(april,march)	2772
(april,national)	1203
(april,news)	2527
(april,north)	637
(april,november)	1532
(april,october)	1723
(april,org)	1878
(april,part)	886
(april,people)	1235
(april,population)	434
(april,press)	853
(april,school)	703
(april,september)	1654
(april,south)	705
(april,state)	961
(april,states)	957
(april,three)	885
(april,through)	745
(april,time)	1585
(april,town)	509
(april,two)	1755
(april,united)	1330
(april,university)	1161
(april,war)	1155
(april,world)	1543
(april,year)	1253
(april,years)	1101
(april,york)	1225
(area,age)	393
(area,american)	678
(area,april)	503
(area,area)	6908
(area,both)	829
(area,century)	1007
(area,city)	4518
(area,county)	3272
(area,december)	431
(area,early)	847
(area,film)	215
(area,first)	1791
(area,high)	1034
(area,history)	1446
(area,including)	960
(area,january)	505
(area,john)	456
(area,july)	479
(area,june)	449
(area,known)	1455
(area,life)	371
(area,made)	753
(area,march)	534
(area,national)	1280
(area,news)	399
(area,north)	2119
(area,november)	399
(area,october)	411
(area,org)	628
(area,part)	2043
(area,people)	1643
(area,population)	1986
(area,press)	285
(area,school)	954
(area,september)	497
(area,south)	1888
(area,state)	1322
(area,states)	2048
(area,three)	885
(area,through)	1174
(area,time)	1113
(area,town)	2172
(area,two)	1741
(area,united)	1468
(area,university)	716
(area,war)	863
(area,world)	937
(area,year)	681
(area,years)	932
(area,york)	523
(both,age)	381
(both,american)	931
(both,april)	775
(both,area)	829
(both,both)	3320
(both,century)	994
(both,city)	1182
(both,county)	459
(both,december)	596
(both,early)	1135
(both,film)	773
(both,first)	3283
(both,high)	1278
(both,history)	1186
(both,including)	1265
(both,january)	699
(both,john)	868
(both,july)	675
(both,june)	650
(both,known)	1520
(both,life)	1147
(both,made)	1514
(both,march)	749
(both,national)	1033
(both,news)	755
(both,north)	785
(both,november)	678
(both,october)	675
(both,org)	825
(both,part)	1269
(both,people)	1209
(both,population)	379
(both,press)	649
(both,school)	762
(both,september)	750
(both,south)	824
(both,state)	1221
(both,states)	1078
(both,three)	1498
(both,through)	1600
(both,time)	2578
(both,town)	516
(both,two)	4104
(both,united)	1025
(both,university)	959
(both,war)	1330
(both,world)	1672
(both,year)	1166
(both,years)	1395
(both,york)	728
(century,age)	523
(century,american)	1108
(century,april)	465
(century,area)	1007
(century,both)	994
(century,century)	7564
(century,city)	1729
(century,county)	439
(century,december)	386
(century,early)	3171
(century,film)	353
(century,first)	3528
(century,high)	569
(century,history)	2435
(century,including)	916
(century,january)	457
(century,john)	1247
(century,july)	374
(century,june)	380
(century,known)	1728
(century,life)	919
(century,made)	1212
(century,march)	524
(century,national)	674
(century,news)	260
(century,north)	901
(century,november)	309
(century,october)	371
(century,org)	602
(century,part)	1329
(century,people)	1835
(century,population)	701
(century,press)	991
(century,school)	570
(century,september)	396
(century,south)	870
(century,state)	929
(century,states)	837
(century,three)	842
(century,through)	1066
(century,time)	1761
(century,town)	1155
(century,two)	1565
(century,united)	686
(century,university)	1175
(century,war)	1219
(century,world)	1468
(century,year)	778
(century,years)	1126
(century,york)	719
(city,age)	2778
(city,american)	2477
(city,april)	1351
(city,area)	4518
(city,both)	1182
(city,century)	1729
(city,city)	25648
(city,county)	5521
(city,december)	1103
(city,early)	1136
(city,film)	709
(city,first)	3395
(city,high)	1310
(city,history)	2599
(city,including)	1947
(city,january)	1320
(city,john)	1227
(city,july)	1199
(city,june)	1156
(city,known)	1757
(city,life)	915
(city,made)	1104
(city,march)	1321
(city,national)	1984
(city,news)	1398
(city,north)	2769
(city,november)	1204
(city,october)	1204
(city,org)	1320
(city,part)	2127
(city,people)	3537
(city,population)	5453
(city,press)	878
(city,school)	1969
(city,september)	1324
(city,south)	2688
(city,state)	3177
(city,states)	3086
(city,three)	1381
(city,through)	1523
(city,time)	1915
(city,town)	2751
(city,two)	2799
(city,united)	3674
(city,university)	2067
(city,war)	1517
(city,world)	2146
(city,year)	1771
(city,years)	2665
(city,york)	4594
(county,age)	1673
(county,american)	1388
(county,april)	639
(county,area)	3272
(county,both)	459
(county,century)	439
(county,city)	5521
(county,county)	40440
(county,december)	623
(county,early)	552
(county,film)	124
(county,first)	1307
(county,high)	672
(county,history)	2049
(county,including)	803
(county,january)	635
(county,john)	879
(county,july)	544
(county,june)	527
(county,known)	542
(county,life)	291
(county,made)	345
(county,march)	667
(county,national)	1691
(county,news)	526
(county,north)	3153
(county,november)	566
(county,october)	405
(county,org)	1021
(county,part)	1596
(county,people)	1884
(county,population)	3273
(county,press)	237
(county,school)	1853
(county,september)	455
(county,south)	2628
(county,state)	4446
(county,states)	3304
(county,three)	632
(county,through)	739
(county,time)	595
(county,town)	4028
(county,two)	1157
(county,united)	3230
(county,university)	909
(county,war)	1189
(county,world)	351
(county,year)	776
(county,years)	1067
(county,york)	1556
(december,age)	305
(december,american)	1295
(december,april)	1616
(december,area)	431
(december,both)	596
(december,century)	386
(december,city)	1103
(december,county)	623
(december,december)	7092
(december,early)	697
(december,film)	764
(december,first)	2265
(december,high)	546
(december,history)	973
(december,including)	662
(december,january)	2249
(december,john)	1023
(december,july)	1504
(december,june)	1495
(december,known)	711
(december,life)	699
(december,made)	758
(december,march)	1824
(december,national)	1028
(december,news)	2098
(december,north)	581
(december,november)	2057
(december,october)	1780
(december,org)	1503
(december,part)	691
(december,people)	966
(december,population)	343
(december,press)	716
(december,school)	520
(december,september)	1492
(december,south)	636
(december,state)	967
(december,states)	889
(december,three)	785
(december,through)	684
(december,time)	1391
(december,town)	309
(december,two)	1460
(december,united)	1217
(december,university)	770
(december,war)	940
(december,world)	1258
(december,year)	1212
(december,years)	958
(december,york)	1091
(early,age)	832
(early,american)	1194
(early,april)	789
(early,area)	847
(early,both)	1135
(early,century)	3171
(early,city)	1136
(early,county)	552
(early,december)	697
(early,early)	3300
(early,film)	711
(early,first)	3624
(early,high)	883
(early,history)	2276
(early,including)	1139
(early,january)	745
(early,john)	1127
(early,july)	718
(early,june)	697
(early,known)	1797
(early,life)	2147
(early,made)	1297
(early,march)	803
(early,national)	755
(early,news)	560
(early,north)	725
(early,november)	669
(early,october)	685
(early,org)	760
(early,part)	1227
(early,people)	934
(early,population)	374
(early,press)	822
(early,school)	843
(early,september)	682
(early,south)	704
(early,state)	857
(early,states)	819
(early,three)	1075
(early,through)	1114
(early,time)	2175
(early,town)	703
(early,two)	2120
(early,united)	797
(early,university)	1111
(early,war)	1233
(early,world)	1365
(early,year)	1076
(early,years)	1982
(early,york)	971
(film,age)	289
(film,american)	2761
(film,april)	710
(film,area)	215
(film,both)	773
(film,century)	353
(film,city)	709
(film,county)	124
(film,december)	764
(film,early)	711
(film,film)	18854
(film,first)	2720
(film,high)	481
(film,history)	686
(film,including)	926
(film,january)	774
(film,john)	1340
(film,july)	824
(film,june)	646
(film,known)	762
(film,life)	1339
(film,made)	1533
(film,march)	728
(film,national)	800
(film,news)	907
(film,north)	341
(film,november)	656
(film,october)	796
(film,org)	713
(film,part)	863
(film,people)	984
(film,population)	34
(film,press)	571
(film,school)	447
(film,september)	747
(film,south)	310
(film,state)	282
(film,states)	596
(film,three)	856
(film,through)	610
(film,time)	1796
(film,town)	281
(film,two)	1547
(film,united)	698
(film,university)	527
(film,war)	715
(film,world)	1289
(film,year)	1382
(film,years)	922
(film,york)	1272
(first,age)	1306
(first,american)	3290
(first,april)	2580
(first,area)	1791
(first,both)	3283
(first,century)	3528
(first,city)	3395
(first,county)	1307
(first,december)	2265
(first,early)	3624
(first,film)	2720
(first,first)	19624
(first,high)	2129
(first,history)	4676
(first,including)	2558
(first,january)	2467
(first,john)	3172
(first,july)	2439
(first,june)	2380
(first,known)	3876
(first,life)	2706
(first,made)	4038
(first,march)	2517
(first,national)	2675
(first,news)	2212
(first,north)	1845
(first,november)	2283
(first,october)	2432
(first,org)	1848
(first,part)	3233
(first,people)	2420
(first,population)	775
(first,press)	1711
(first,school)	2125
(first,september)	2489
(first,south)	1920
(first,state)	2675
(first,states)	2621
(first,three)	4465
(first,through)	2975
(first,time)	7902
(first,town)	1768
(first,two)	8496
(first,united)	3089
(first,university)	2889
(first,war)	4145
(first,world)	5476
(first,year)	4709
(first,years)	4725
(first,york)	2278
(high,age)	486
(high,american)	838
(high,april)	738
(high,area)	1034
(high,both)	1278
(high,century)	569
(high,city)	1310
(high,county)	672
(high,december)	546
(high,early)	883
(high,film)	481
(high,first)	2129
(high,high)	7732
(high,history)	767
(high,including)	1105
(high,january)	710
(high,john)	639
(high,july)	725
(high,june)	556
(high,known)	1349
(high,life)	800
(high,made)	1228
(high,march)	698
(high,national)	969
(high,news)	680
(high,north)	881
(high,november)	580
(high,october)	559
(high,org)	1004
(high,part)	972
(high,people)	1033
(high,population)	440
(high,press)	502
(high,school)	7965
(high,september)	598
(high,south)	883
(high,state)	1060
(high,states)	751
(high,three)	1219
(high,through)	1322
(high,time)	1924
(high,town)	629
(high,two)	2421
(high,united)	754
(high,university)	1071
(high,war)	690
(high,world)	1237
(high,year)	1058
(high,years)	1119
(high,york)	602
(history,age)	953
(history,american)	2299
(history,april)	1184
(history,area)	1446
(history,both)	1186
(history,century)	2435
(history,city)	2599
(history,county)	2049
(history,december)	973
(history,early)	2276
(history,film)	686
(history,first)	4676
(history,high)	767
(history,history)	10544
(history,including)	1212
(history,january)	1101
(history,john)	2097
(history,july)	990
(history,june)	996
(history,known)	1787
(history,life)	1255
(history,made)	1161
(history,march)	1158
(history,national)	1812
(history,news)	883
(history,north)	1338
(history,november)	926
(history,october)	961
(history,org)	2194
(history,part)	1549
(history,people)	1813
(history,population)	777
(history,press)	2899
(history,school)	1057
(history,september)	1071
(history,south)	1201
(history,state)	1740
(history,states)	1834
(history,three)	1200
(history,through)	1271
(history,time)	2416
(history,town)	1463
(history,two)	2099
(history,united)	1841
(history,university)	3421
(history,war)	2242
(history,world)	2660
(history,year)	1276
(history,years)	1852
(history,york)	1725
(including,age)	3126
(including,american)	1168
(including,april)	815
(including,area)	960
(including,both)	1265
(including,century)	916
(including,city)	1947
(including,county)	803
(including,december)	662
(including,early)	1139
(including,film)	926
(including,first)	2558
(including,high)	1105
(including,history)	1212
(including,including)	2380
(including,january)	757
(including,john)	1016
(including,july)	699
(including,june)	714
(including,known)	1540
(including,life)	997
(including,made)	1258
(including,march)	772
(including,national)	1165
(including,news)	795
(including,north)	861
(including,november)	614
(including,october)	687
(including,org)	1031
(including,part)	1170
(including,people)	1199
(including,population)	1790
(including,press)	594
(including,school)	791
(including,september)	762
(including,south)	836
(including,state)	1114
(including,states)	996
(including,three)	1305
(including,through)	1233
(including,time)	1960
(including,town)	882
(including,two)	2296
(including,united)	1053
(including,university)	1086
(including,war)	1241
(including,world)	1682
(including,year)	1099
(including,years)	1294
(including,york)	729
(january,age)	316
(january,american)	1538
(january,april)	1719
(january,area)	505
(january,both)	699
(january,century)	457
(january,city)	1320
(january,county)	635
(january,december)	2249
(january,early)	745
(january,film)	774
(january,first)	2467
(january,high)	710
(january,history)	1101
(january,including)	757
(january,january)	8886
(january,john)	1156
(january,july)	1545
(january,june)	1553
(january,known)	714
(january,life)	797
(january,made)	827
(january,march)	2108
(january,national)	1121
(january,news)	2269
(january,north)	685
(january,november)	1663
(january,october)	1575
(january,org)	1559
(january,part)	813
(january,people)	964
(january,population)	421
(january,press)	727
(january,school)	547
(january,september)	1627
(january,south)	667
(january,state)	1062
(january,states)	993
(january,three)	717
(january,through)	693
(january,time)	1524
(january,town)	407
(january,two)	1463
(january,united)	1262
(january,university)	996
(january,war)	955
(january,world)	1311
(january,year)	1470
(january,years)	1028
(january,york)	1089
(john,age)	471
(john,american)	2666
(john,april)	1032
(john,area)	456
(john,both)	868
(john,century)	1247
(john,city)	1227
(john,county)	879
(john,december)	1023
(john,early)	1127
(john,film)	1340
(john,first)	3172
(john,high)	639
(john,history)	2097
(john,including)	1016
(john,january)	1156
(john,john)	15234
(john,july)	1050
(john,june)	1131
(john,known)	1136
(john,life)	1542
(john,made)	1033
(john,march)	1263
(john,national)	1148
(john,news)	869
(john,north)	928
(john,november)	999
(john,october)	1063
(john,org)	1001
(john,part)	980
(john,people)	1227
(john,population)	196
(john,press)	2063
(john,school)	981
(john,september)	959
(john,south)	853
(john,state)	1285
(john,states)	1295
(john,three)	1133
(john,through)	843
(john,time)	1798
(john,town)	636
(john,two)	1936
(john,united)	1579
(john,university)	2266
(john,war)	1493
(john,world)	1444
(john,year)	1158
(john,years)	1323
(john,york)	1919
(july,age)	303
(july,american)	1258
(july,april)	1780
(july,area)	479
(july,both)	675
(july,century)	374
(july,city)	1199
(july,county)	544
(july,december)	1504
(july,early)	718
(july,film)	824
(july,first)	2439
(july,high)	725
(july,history)	990
(july,including)	699
(july,january)	1545
(july,john)	1050
(july,july)	7258
(july,june)	2488
(july,known)	743
(july,life)	721
(july,made)	834
(july,march)	1677
(july,national)	995
(july,news)	2235
(july,north)	592
(july,november)	1330
(july,october)	1536
(july,org)	1614
(july,part)	756
(july,people)	983
(july,population)	440
(july,press)	811
(july,school)	538
(july,september)	1966
(july,south)	624
(july,state)	975
(july,states)	864
(july,three)	832
(july,through)	690
(july,time)	1472
(july,town)	498
(july,two)	1497
(july,united)	1198
(july,university)	840
(july,war)	1029
(july,world)	1365
(july,year)	1286
(july,years)	915
(july,york)	1278
(june,age)	300
(june,american)	1408
(june,april)	1969
(june,area)	449
(june,both)	650
(june,century)	380
(june,city)	1156
(june,county)	527
(june,december)	1495
(june,early)	697
(june,film)	646
(june,first)	2380
(june,high)	556
(june,history)	996
(june,including)	714
(june,january)	1553
(june,john)	1131
(june,july)	2488
(june,june)	6896
(june,known)	702
(june,life)	758
(june,made)	803
(june,march)	1827
(june,national)	1095
(june,news)	2252
(june,north)	631
(june,november)	1392
(june,october)	1584
(june,org)	1619
(june,part)	718
(june,people)	958
(june,population)	324
(june,press)	795
(june,school)	629
(june,september)	1754
(june,south)	641
(june,state)	964
(june,states)	836
(june,three)	777
(june,through)	753
(june,time)	1482
(june,town)	456
(june,two)	1524
(june,united)	1063
(june,university)	874
(june,war)	1115
(june,world)	1458
(june,year)	1170
(june,years)	962
(june,york)	1078
(known,age)	588
(known,american)	1471
(known,april)	860
(known,area)	1455
(known,both)	1520
(known,century)	1728
(known,city)	1757
(known,county)	542
(known,december)	711
(known,early)	1797
(known,film)	762
(known,first)	3876
(known,high)	1349
(known,history)	1787
(known,including)	1540
(known,january)	714
(known,john)	1136
(known,july)	743
(known,june)	702
(known,known)	4278
(known,life)	1312
(known,made)	1649
(known,march)	795
(known,national)	1065
(known,news)	612
(known,north)	1118
(known,november)	672
(known,october)	718
(known,org)	1029
(known,part)	1521
(known,people)	1440
(known,population)	448
(known,press)	689
(known,school)	860
(known,september)	752
(known,south)	995
(known,state)	1199
(known,states)	1078
(known,three)	1519
(known,through)	1569
(known,time)	2623
(known,town)	1026
(known,two)	2992
(known,united)	983
(known,university)	1270
(known,war)	1261
(known,world)	1792
(known,year)	1194
(known,years)	1642
(known,york)	782
(life,age)	742
(life,american)	1289
(life,april)	785
(life,area)	371
(life,both)	1147
(life,century)	919
(life,city)	915
(life,county)	291
(life,december)	699
(life,early)	2147
(life,film)	1339
(life,first)	2706
(life,high)	800
(life,history)	1255
(life,including)	997
(life,january)	797
(life,john)	1542
(life,july)	721
(life,june)	758
(life,known)	1312
(life,life)	6676
(life,made)	1195
(life,march)	854
(life,national)	773
(life,news)	953
(life,north)	438
(life,november)	691
(life,october)	803
(life,org)	886
(life,part)	1108
(life,people)	1418
(life,population)	255
(life,press)	1266
(life,school)	917
(life,september)	792
(life,south)	413
(life,state)	755
(life,states)	660
(life,three)	1104
(life,through)	1267
(life,time)	2437
(life,town)	366
(life,two)	2050
(life,united)	614
(life,university)	1525
(life,war)	978
(life,world)	1820
(life,year)	1179
(life,years)	1966
(life,york)	1369
(made,age)	3380
(made,american)	1037
(made,april)	912
(made,area)	753
(made,both)	1514
(made,century)	1212
(made,city)	1104
(made,county)	345
(made,december)	758
(made,early)	1297
(made,film)	1533
(made,first)	4038
(made,high)	1228
(made,history)	1161
(made,including)	1258
(made,january)	827
(made,john)	1033
(made,july)	834
(made,june)	803
(made,known)	1649
(made,life)	1195
(made,made)	4318
(made,march)	916
(made,national)	849
(made,news)	856
(made,north)	711
(made,november)	756
(made,october)	834
(made,org)	709
(made,part)	1400
(made,people)	1306
(made,population)	1573
(made,press)	650
(made,school)	522
(made,september)	765
(made,south)	776
(made,state)	1078
(made,states)	874
(made,three)	1461
(made,through)	1438
(made,time)	2814
(made,town)	534
(made,two)	2883
(made,united)	920
(made,university)	751
(made,war)	1304
(made,world)	1583
(made,year)	1450
(made,years)	3135
(made,york)	854
(march,age)	320
(march,american)	1386
(march,april)	2772
(march,area)	534
(march,both)	749
(march,century)	524
(march,city)	1321
(march,county)	667
(march,december)	1824
(march,early)	803
(march,film)	728
(march,first)	2517
(march,high)	698
(march,history)	1158
(march,including)	772
(march,january)	2108
(march,john)	1263
(march,july)	1677
(march,june)	1827
(march,known)	795
(march,life)	854
(march,made)	916
(march,march)	8506
(march,national)	1169
(march,news)	2370
(march,north)	675
(march,november)	1521
(march,october)	1678
(march,org)	1737
(march,part)	881
(march,people)	1156
(march,population)	402
(march,press)	842
(march,school)	557
(march,september)	1672
(march,south)	741
(march,state)	1129
(march,states)	1014
(march,three)	958
(march,through)	780
(march,time)	1662
(march,town)	537
(march,two)	1757
(march,united)	1286
(march,university)	1139
(march,war)	1273
(march,world)	1571
(march,year)	1344
(march,years)	1024
(march,york)	1202
(national,age)	444
(national,american)	1970
(national,april)	1203
(national,area)	1280
(national,both)	1033
(national,century)	674
(national,city)	1984
(national,county)	1691
(national,december)	1028
(national,early)	755
(national,film)	800
(national,first)	2675
(national,high)	969
(national,history)	1812
(national,including)	1165
(national,january)	1121
(national,john)	1148
(national,july)	995
(national,june)	1095
(national,known)	1065
(national,life)	773
(national,made)	849
(national,march)	1169
(national,national)	12586
(national,news)	1443
(national,north)	1061
(national,november)	980
(national,october)	1047
(national,org)	1589
(national,part)	1457
(national,people)	1694
(national,population)	687
(national,press)	1049
(national,school)	1247
(national,september)	1102
(national,south)	1300
(national,state)	2198
(national,states)	2262
(national,three)	1049
(national,through)	988
(national,time)	1417
(national,town)	633
(national,two)	1806
(national,united)	2571
(national,university)	2376
(national,war)	1486
(national,world)	2243
(national,year)	1518
(national,years)	1276
(national,york)	1096
(news,age)	290
(news,american)	915
(news,april)	2527
(news,area)	399
(news,both)	755
(news,century)	260
(news,city)	1398
(news,county)	526
(news,december)	2098
(news,early)	560
(news,film)	907
(news,first)	2212
(news,high)	680
(news,history)	883
(news,including)	795
(news,january)	2269
(news,john)	869
(news,july)	2235
(news,june)	2252
(news,known)	612
(news,life)	953
(news,made)	856
(news,march)	2370
(news,national)	1443
(news,news)	11918
(news,north)	739
(news,november)	2018
(news,october)	2240
(news,org)	2016
(news,part)	774
(news,people)	1084
(news,population)	201
(news,press)	1183
(news,school)	661
(news,september)	2242
(news,south)	765
(news,state)	924
(news,states)	681
(news,three)	817
(news,through)	618
(news,time)	1590
(news,town)	357
(news,two)	1528
(news,united)	1083
(news,university)	1143
(news,war)	748
(news,world)	2784
(news,year)	1208
(news,years)	1217
(news,york)	1141
(north,age)	344
(north,american)	1868
(north,april)	637
(north,area)	2119
(north,both)	785
(north,century)	901
(north,city)	2769
(north,county)	3153
(north,december)	581
(north,early)	725
(north,film)	341
(north,first)	1845
(north,high)	881
(north,history)	1338
(north,including)	861
(north,january)	685
(north,john)	928
(north,july)	592
(north,june)	631
(north,known)	1118
(north,life)	438
(north,made)	711
(north,march)	675
(north,national)	1061
(north,news)	739
(north,north)	9178
(north,november)	562
(north,october)	578
(north,org)	736
(north,part)	1498
(north,people)	1085
(north,population)	747
(north,press)	666
(north,school)	870
(north,september)	633
(north,south)	5685
(north,state)	1957
(north,states)	1454
(north,three)	965
(north,through)	1334
(north,time)	1047
(north,town)	1891
(north,two)	1769
(north,united)	1468
(north,university)	1455
(north,war)	1098
(north,world)	1088
(north,year)	783
(north,years)	824
(north,york)	902
(november,age)	277
(november,american)	1144
(november,april)	1532
(november,area)	399
(november,both)	678
(november,century)	309
(november,city)	1204
(november,county)	566
(november,december)	2057
(november,early)	669
(november,film)	656
(november,first)	2283
(november,high)	580
(november,history)	926
(november,including)	614
(november,january)	1663
(november,john)	999
(november,july)	1330
(november,june)	1392
(november,known)	672
(november,life)	691
(november,made)	756
(november,march)	1521
(november,national)	980
(november,news)	2018
(november,north)	562
(november,november)	7208
(november,october)	2371
(november,org)	1439
(november,part)	714
(november,people)	900
(november,population)	248
(november,press)	878
(november,school)	617
(november,september)	1580
(november,south)	618
(november,state)	923
(november,states)	773
(november,three)	741
(november,through)	604
(november,time)	1323
(november,town)	402
(november,two)	1445
(november,united)	1065
(november,university)	1011
(november,war)	979
(november,world)	1327
(november,year)	1103
(november,years)	888
(november,york)	1003
(october,age)	334
(october,american)	1283
(october,april)	1723
(october,area)	411
(october,both)	675
(october,century)	371
(october,city)	1204
(october,county)	405
(october,december)	1780
(october,early)	685
(october,film)	796
(october,first)	2432
(october,high)	559
(october,history)	961
(october,including)	687
(october,january)	1575
(october,john)	1063
(october,july)	1536
(october,june)	1584
(october,known)	718
(october,life)	803
(october,made)	834
(october,march)	1678
(october,national)	1047
(october,news)	2240
(october,north)	578
(october,november)	2371
(october,october)	7096
(october,org)	1589
(october,part)	713
(october,people)	986
(october,population)	217
(october,press)	800
(october,school)	511
(october,september)	2411
(october,south)	652
(october,state)	892
(october,states)	864
(october,three)	779
(october,through)	796
(october,time)	1478
(october,town)	416
(october,two)	1550
(october,united)	1201
(october,university)	945
(october,war)	1189
(october,world)	1566
(october,year)	1204
(october,years)	984
(october,york)	1122
(org,age)	408
(org,american)	1618
(org,april)	1878
(org,area)	628
(org,both)	825
(org,century)	602
(org,city)	1320
(org,county)	1021
(org,december)	1503
(org,early)	760
(org,film)	713
(org,first)	1848
(org,high)	1004
(org,history)	2194
(org,including)	1031
(org,january)	1559
(org,john)	1001
(org,july)	1614
(org,june)	1619
(org,known)	1029
(org,life)	886
(org,made)	709
(org,march)	1737
(org,national)	1589
(org,news)	2016
(org,north)	736
(org,november)	1439
(org,october)	1589
(org,org)	10604
(org,part)	907
(org,people)	1128
(org,population)	588
(org,press)	1209
(org,school)	906
(org,september)	1722
(org,south)	751
(org,state)	1264
(org,states)	1173
(org,three)	747
(org,through)	925
(org,time)	1345
(org,town)	441
(org,two)	1309
(org,united)	1406
(org,university)	1545
(org,war)	810
(org,world)	2106
(org,year)	981
(org,years)	925
(org,york)	840
(part,age)	473
(part,american)	913
(part,april)	886
(part,area)	2043
(part,both)	1269
(part,century)	1329
(part,city)	2127
(part,county)	1596
(part,december)	691
(part,early)	1227
(part,film)	863
(part,first)	3233
(part,high)	972
(part,history)	1549
(part,including)	1170
(part,january)	813
(part,john)	980
(part,july)	756
(part,june)	718
(part,known)	1521
(part,life)	1108
(part,made)	1400
(part,march)	881
(part,national)	1457
(part,news)	774
(part,north)	1498
(part,november)	714
(part,october)	713
(part,org)	907
(part,part)	5414
(part,people)	1211
(part,population)	823
(part,press)	694
(part,school)	921
(part,september)	766
(part,south)	1462
(part,state)	1614
(part,states)	1151
(part,three)	1345
(part,through)	1485
(part,time)	2448
(part,town)	1465
(part,two)	2762
(part,united)	1085
(part,university)	1079
(part,war)	1574
(part,world)	1748
(part,year)	1121
(part,years)	1318
(part,york)	811
(people,age)	1354
(people,american)	4956
(people,april)	1235
(people,area)	1643
(people,both)	1209
(people,century)	1835
(people,city)	3537
(people,county)	1884
(people,december)	966
(people,early)	934
(people,film)	984
(people,first)	2420
(people,high)	1033
(people,history)	1813
(people,including)	1199
(people,january)	964
(people,john)	1227
(people,july)	983
(people,june)	958
(people,known)	1440
(people,life)	1418
(people,made)	1306
(people,march)	1156
(people,national)	1694
(people,news)	1084
(people,north)	1085
(people,november)	900
(people,october)	986
(people,org)	1128
(people,part)	1211
(people,people)	15270
(people,population)	4783
(people,press)	910
(people,school)	1124
(people,september)	1017
(people,south)	1198
(people,state)	1729
(people,states)	1946
(people,three)	1090
(people,through)	1261
(people,time)	2184
(people,town)	1815
(people,two)	2200
(people,united)	2035
(people,university)	2059
(people,war)	1761
(people,world)	2281
(people,year)	1119
(people,years)	1625
(people,york)	1187
(population,age)	6415
(population,american)	2700
(population,april)	434
(population,area)	1986
(population,both)	379
(population,century)	701
(population,city)	5453
(population,county)	3273
(population,december)	343
(population,early)	374
(population,film)	34
(population,first)	775
(population,high)	440
(population,history)	777
(population,including)	1790
(population,january)	421
(population,john)	196
(population,july)	440
(population,june)	324
(population,known)	448
(population,life)	255
(population,made)	1573
(population,march)	402
(population,national)	687
(population,news)	201
(population,north)	747
(population,november)	248
(population,october)	217
(population,org)	588
(population,part)	823
(population,people)	4783
(population,population)	7254
(population,press)	191
(population,school)	367
(population,september)	241
(population,south)	890
(population,state)	1240
(population,states)	2041
(population,three)	373
(population,through)	369
(population,time)	589
(population,town)	2711
(population,two)	2107
(population,united)	1866
(population,university)	418
(population,war)	634
(population,world)	850
(population,year)	532
(population,years)	2948
(population,york)	230
(press,age)	400
(press,american)	1576
(press,april)	853
(press,area)	285
(press,both)	649
(press,century)	991
(press,city)	878
(press,county)	237
(press,december)	716
(press,early)	822
(press,film)	571
(press,first)	1711
(press,high)	502
(press,history)	2899
(press,including)	594
(press,january)	727
(press,john)	2063
(press,july)	811
(press,june)	795
(press,known)	689
(press,life)	1266
(press,made)	650
(press,march)	842
(press,national)	1049
(press,news)	1183
(press,north)	666
(press,november)	878
(press,october)	800
(press,org)	1209
(press,part)	694
(press,people)	910
(press,population)	191
(press,press)	6190
(press,school)	399
(press,september)	796
(press,south)	512
(press,state)	1109
(press,states)	770
(press,three)	651
(press,through)	688
(press,time)	1277
(press,town)	228
(press,two)	1158
(press,united)	824
(press,university)	10320
(press,war)	1328
(press,world)	1810
(press,year)	590
(press,years)	861
(press,york)	2933
(school,age)	889
(school,american)	971
(school,april)	703
(school,area)	954
(school,both)	762
(school,century)	570
(school,city)	1969
(school,county)	1853
(school,december)	520
(school,early)	843
(school,film)	447
(school,first)	2125
(school,high)	7965
(school,history)	1057
(school,including)	791
(school,january)	547
(school,john)	981
(school,july)	538
(school,june)	629
(school,known)	860
(school,life)	917
(school,made)	522
(school,march)	557
(school,national)	1247
(school,news)	661
(school,north)	870
(school,november)	617
(school,october)	511
(school,org)	906
(school,part)	921
(school,people)	1124
(school,population)	367
(school,press)	399
(school,school)	24120
(school,september)	609
(school,south)	861
(school,state)	1620
(school,states)	819
(school,three)	884
(school,through)	889
(school,time)	1189
(school,town)	937
(school,two)	1618
(school,united)	939
(school,university)	4162
(school,war)	528
(school,world)	844
(school,year)	1683
(school,years)	1411
(school,york)	813
(september,age)	281
(september,american)	1344
(september,april)	1654
(september,area)	497
(september,both)	750
(september,century)	396
(september,city)	1324
(september,county)	455
(september,december)	1492
(september,early)	682
(september,film)	747
(september,first)	2489
(september,high)	598
(september,history)	1071
(september,including)	762
(september,january)	1627
(september,john)	959
(september,july)	1966
(september,june)	1754
(september,known)	752
(september,life)	792
(september,made)	765
(september,march)	1672
(september,national)	1102
(september,news)	2242
(september,north)	633
(september,november)	1580
(september,october)	2411
(september,org)	1722
(september,part)	766
(september,people)	1017
(september,population)	241
(september,press)	796
(september,school)	609
(september,september)	7136
(september,south)	644
(september,state)	924
(september,states)	935
(september,three)	872
(september,through)	719
(september,time)	1502
(september,town)	463
(september,two)	1631
(september,united)	1292
(september,university)	1074
(september,war)	1241
(september,world)	1553
(september,year)	1200
(september,years)	962
(september,york)	1306
(south,age)	281
(south,american)	1385
(south,april)	705
(south,area)	1888
(south,both)	824
(south,century)	870
(south,city)	2688
(south,county)	2628
(south,december)	636
(south,early)	704
(south,film)	310
(south,first)	1920
(south,high)	883
(south,history)	1201
(south,including)	836
(south,january)	667
(south,john)	853
(south,july)	624
(south,june)	641
(south,known)	995
(south,life)	413
(south,made)	776
(south,march)	741
(south,national)	1300
(south,news)	765
(south,north)	5685
(south,november)	618
(south,october)	652
(south,org)	751
(south,part)	1462
(south,people)	1198
(south,population)	890
(south,press)	512
(south,school)	861
(south,september)	644
(south,south)	9820
(south,state)	1556
(south,states)	1317
(south,three)	892
(south,through)	1203
(south,time)	1064
(south,town)	1636
(south,two)	1818
(south,united)	1481
(south,university)	1203
(south,war)	1154
(south,world)	1421
(south,year)	779
(south,years)	831
(south,york)	651
(state,age)	465
(state,american)	1393
(state,april)	961
(state,area)	1322
(state,both)	1221
(state,century)	929
(state,city)	3177
(state,county)	4446
(state,december)	967
(state,early)	857
(state,film)	282
(state,first)	2675
(state,high)	1060
(state,history)	1740
(state,including)	1114
(state,january)	1062
(state,john)	1285
(state,july)	975
(state,june)	964
(state,known)	1199
(state,life)	755
(state,made)	1078
(state,march)	1129
(state,national)	2198
(state,news)	924
(state,north)	1957
(state,november)	923
(state,october)	892
(state,org)	1264
(state,part)	1614
(state,people)	1729
(state,population)	1240
(state,press)	1109
(state,school)	1620
(state,september)	924
(state,south)	1556
(state,state)	15600
(state,states)	3713
(state,three)	1156
(state,through)	1407
(state,time)	1792
(state,town)	1088
(state,two)	2139
(state,united)	2604
(state,university)	3804
(state,war)	1589
(state,world)	1356
(state,year)	1261
(state,years)	1339
(state,york)	3249
(states,age)	394
(states,american)	3087
(states,april)	957
(states,area)	2048
(states,both)	1078
(states,century)	837
(states,city)	3086
(states,county)	3304
(states,december)	889
(states,early)	819
(states,film)	596
(states,first)	2621
(states,high)	751
(states,history)	1834
(states,including)	996
(states,january)	993
(states,john)	1295
(states,july)	864
(states,june)	836
(states,known)	1078
(states,life)	660
(states,made)	874
(states,march)	1014
(states,national)	2262
(states,news)	681
(states,north)	1454
(states,november)	773
(states,october)	864
(states,org)	1173
(states,part)	1151
(states,people)	1946
(states,population)	2041
(states,press)	770
(states,school)	819
(states,september)	935
(states,south)	1317
(states,state)	3713
(states,states)	11188
(states,three)	861
(states,through)	926
(states,time)	1553
(states,town)	786
(states,two)	1726
(states,united)	28200
(states,university)	1321
(states,war)	2389
(states,world)	1928
(states,year)	983
(states,years)	1066
(states,york)	1667
(three,age)	550
(three,american)	934
(three,april)	885
(three,area)	885
(three,both)	1498
(three,century)	842
(three,city)	1381
(three,county)	632
(three,december)	785
(three,early)	1075
(three,film)	856
(three,first)	4465
(three,high)	1219
(three,history)	1200
(three,including)	1305
(three,january)	717
(three,john)	1133
(three,july)	832
(three,june)	777
(three,known)	1519
(three,life)	1104
(three,made)	1461
(three,march)	958
(three,national)	1049
(three,news)	817
(three,north)	965
(three,november)	741
(three,october)	779
(three,org)	747
(three,part)	1345
(three,people)	1090
(three,population)	373
(three,press)	651
(three,school)	884
(three,september)	872
(three,south)	892
(three,state)	1156
(three,states)	861
(three,three)	5660
(three,through)	1317
(three,time)	2580
(three,town)	601
(three,two)	5805
(three,united)	905
(three,university)	975
(three,war)	1110
(three,world)	1718
(three,year)	1959
(three,years)	2655
(three,york)	828
(through,age)	462
(through,american)	862
(through,april)	745
(through,area)	1174
(through,both)	1600
(through,century)	1066
(through,city)	1523
(through,county)	739
(through,december)	684
(through,early)	1114
(through,film)	610
(through,first)	2975
(through,high)	1322
(through,history)	1271
(through,including)	1233
(through,january)	693
(through,john)	843
(through,july)	690
(through,june)	753
(through,known)	1569
(through,life)	1267
(through,made)	1438
(through,march)	780
(through,national)	988
(through,news)	618
(through,north)	1334
(through,november)	604
(through,october)	796
(through,org)	925
(through,part)	1485
(through,people)	1261
(through,population)	369
(through,press)	688
(through,school)	889
(through,september)	719
(through,south)	1203
(through,state)	1407
(through,states)	926
(through,three)	1317
(through,through)	4958
(through,time)	2623
(through,town)	976
(through,two)	2893
(through,united)	830
(through,university)	889
(through,war)	1087
(through,world)	1661
(through,year)	1031
(through,years)	1331
(through,york)	751
(time,age)	961
(time,american)	1758
(time,april)	1585
(time,area)	1113
(time,both)	2578
(time,century)	1761
(time,city)	1915
(time,county)	595
(time,december)	1391
(time,early)	2175
(time,film)	1796
(time,first)	7902
(time,high)	1924
(time,history)	2416
(time,including)	1960
(time,january)	1524
(time,john)	1798
(time,july)	1472
(time,june)	1482
(time,known)	2623
(time,life)	2437
(time,made)	2814
(time,march)	1662
(time,national)	1417
(time,news)	1590
(time,north)	1047
(time,november)	1323
(time,october)	1478
(time,org)	1345
(time,part)	2448
(time,people)	2184
(time,population)	589
(time,press)	1277
(time,school)	1189
(time,september)	1502
(time,south)	1064
(time,state)	1792
(time,states)	1553
(time,three)	2580
(time,through)	2623
(time,time)	15782
(time,town)	859
(time,two)	5008
(time,united)	1432
(time,university)	1617
(time,war)	2153
(time,world)	3331
(time,year)	2944
(time,years)	3357
(time,york)	1600
(town,age)	1466
(town,american)	981
(town,april)	509
(town,area)	2172
(town,both)	516
(town,century)	1155
(town,city)	2751
(town,county)	4028
(town,december)	309
(town,early)	703
(town,film)	281
(town,first)	1768
(town,high)	629
(town,history)	1463
(town,including)	882
(town,january)	407
(town,john)	636
(town,july)	498
(town,june)	456
(town,known)	1026
(town,life)	366
(town,made)	534
(town,march)	537
(town,national)	633
(town,news)	357
(town,north)	1891
(town,november)	402
(town,october)	416
(town,org)	441
(town,part)	1465
(town,people)	1815
(town,population)	2711
(town,press)	228
(town,school)	937
(town,september)	463
(town,south)	1636
(town,state)	1088
(town,states)	786
(town,three)	601
(town,through)	976
(town,time)	859
(town,town)	10338
(town,two)	1301
(town,united)	1187
(town,university)	407
(town,war)	824
(town,world)	640
(town,year)	637
(town,years)	1367
(town,york)	774
(two,age)	1976
(two,american)	4559
(two,april)	1755
(two,area)	1741
(two,both)	4104
(two,century)	1565
(two,city)	2799
(two,county)	1157
(two,december)	1460
(two,early)	2120
(two,film)	1547
(two,first)	8496
(two,high)	2421
(two,history)	2099
(two,including)	2296
(two,january)	1463
(two,john)	1936
(two,july)	1497
(two,june)	1524
(two,known)	2992
(two,life)	2050
(two,made)	2883
(two,march)	1757
(two,national)	1806
(two,news)	1528
(two,north)	1769
(two,november)	1445
(two,october)	1550
(two,org)	1309
(two,part)	2762
(two,people)	2200
(two,population)	2107
(two,press)	1158
(two,school)	1618
(two,september)	1631
(two,south)	1818
(two,state)	2139
(two,states)	1726
(two,three)	5805
(two,through)	2893
(two,time)	5008
(two,town)	1301
(two,two)	13976
(two,united)	1701
(two,university)	1854
(two,war)	2157
(two,world)	2885
(two,year)	3232
(two,years)	4184
(two,york)	1497
(united,age)	418
(united,american)	3207
(united,april)	1330
(united,area)	1468
(united,both)	1025
(united,century)	686
(united,city)	3674
(united,county)	3230
(united,december)	1217
(united,early)	797
(united,film)	698
(united,first)	3089
(united,high)	754
(united,history)	1841
(united,including)	1053
(united,january)	1262
(united,john)	1579
(united,july)	1198
(united,june)	1063
(united,known)	983
(united,life)	614
(united,made)	920
(united,march)	1286
(united,national)	2571
(united,news)	1083
(united,north)	1468
(united,november)	1065
(united,october)	1201
(united,org)	1406
(united,part)	1085
(united,people)	2035
(united,population)	1866
(united,press)	824
(united,school)	939
(united,september)	1292
(united,south)	1481
(united,state)	2604
(united,states)	28200
(united,three)	905
(united,through)	830
(united,time)	1432
(united,town)	1187
(united,two)	1701
(united,united)	13392
(united,university)	1684
(united,war)	2337
(united,world)	2512
(united,year)	1241
(united,years)	1149
(united,york)	1703
(university,age)	585
(university,american)	2494
(university,april)	1161
(university,area)	716
(university,both)	959
(university,century)	1175
(university,city)	2067
(university,county)	909
(university,december)	770
(university,early)	1111
(university,film)	527
(university,first)	2889
(university,high)	1071
(university,history)	3421
(university,including)	1086
(university,january)	996
(university,john)	2266
(university,july)	840
(university,june)	874
(university,known)	1270
(university,life)	1525
(university,made)	751
(university,march)	1139
(university,national)	2376
(university,news)	1143
(university,north)	1455
(university,november)	1011
(university,october)	945
(university,org)	1545
(university,part)	1079
(university,people)	2059
(university,population)	418
(university,press)	10320
(university,school)	4162
(university,september)	1074
(university,south)	1203
(university,state)	3804
(university,states)	1321
(university,three)	975
(university,through)	889
(university,time)	1617
(university,town)	407
(university,two)	1854
(university,united)	1684
(university,university)	25098
(university,war)	1279
(university,world)	2446
(university,year)	1596
(university,years)	1477
(university,york)	2580
(war,age)	414
(war,american)	3148
(war,april)	1155
(war,area)	863
(war,both)	1330
(war,century)	1219
(war,city)	1517
(war,county)	1189
(war,december)	940
(war,early)	1233
(war,film)	715
(war,first)	4145
(war,high)	690
(war,history)	2242
(war,including)	1241
(war,january)	955
(war,john)	1493
(war,july)	1029
(war,june)	1115
(war,known)	1261
(war,life)	978
(war,made)	1304
(war,march)	1273
(war,national)	1486
(war,news)	748
(war,north)	1098
(war,november)	979
(war,october)	1189
(war,org)	810
(war,part)	1574
(war,people)	1761
(war,population)	634
(war,press)	1328
(war,school)	528
(war,september)	1241
(war,south)	1154
(war,state)	1589
(war,states)	2389
(war,three)	1110
(war,through)	1087
(war,time)	2153
(war,town)	824
(war,two)	2157
(war,united)	2337
(war,university)	1279
(war,war)	15106
(war,world)	8799
(war,year)	1186
(war,years)	2199
(war,york)	1218
(world,age)	722
(world,american)	2133
(world,april)	1543
(world,area)	937
(world,both)	1672
(world,century)	1468
(world,city)	2146
(world,county)	351
(world,december)	1258
(world,early)	1365
(world,film)	1289
(world,first)	5476
(world,high)	1237
(world,history)	2660
(world,including)	1682
(world,january)	1311
(world,john)	1444
(world,july)	1365
(world,june)	1458
(world,known)	1792
(world,life)	1820
(world,made)	1583
(world,march)	1571
(world,national)	2243
(world,news)	2784
(world,north)	1088
(world,november)	1327
(world,october)	1566
(world,org)	2106
(world,part)	1748
(world,people)	2281
(world,population)	850
(world,press)	1810
(world,school)	844
(world,september)	1553
(world,south)	1421
(world,state)	1356
(world,states)	1928
(world,three)	1718
(world,through)	1661
(world,time)	3331
(world,town)	640
(world,two)	2885
(world,united)	2512
(world,university)	2446
(world,war)	8799
(world,world)	15210
(world,year)	2242
(world,years)	1989
(world,york)	1928
(year,age)	857
(year,american)	1216
(year,april)	1253
(year,area)	681
(year,both)	1166
(year,century)	778
(year,city)	1771
(year,county)	776
(year,december)	1212
(year,early)	1076
(year,film)	1382
(year,first)	4709
(year,high)	1058
(year,history)	1276
(year,including)	1099
(year,january)	1470
(year,john)	1158
(year,july)	1286
(year,june)	1170
(year,known)	1194
(year,life)	1179
(year,made)	1450
(year,march)	1344
(year,national)	1518
(year,news)	1208
(year,north)	783
(year,november)	1103
(year,october)	1204
(year,org)	981
(year,part)	1121
(year,people)	1119
(year,population)	532
(year,press)	590
(year,school)	1683
(year,september)	1200
(year,south)	779
(year,state)	1261
(year,states)	983
(year,three)	1959
(year,through)	1031
(year,time)	2944
(year,town)	637
(year,two)	3232
(year,united)	1241
(year,university)	1596
(year,war)	1186
(year,world)	2242
(year,year)	9438
(year,years)	2875
(year,york)	1025
(years,age)	13070
(years,american)	1301
(years,april)	1101
(years,area)	932
(years,both)	1395
(years,century)	1126
(years,city)	2665
(years,county)	1067
(years,december)	958
(years,early)	1982
(years,film)	922
(years,first)	4725
(years,high)	1119
(years,history)	1852
(years,including)	1294
(years,january)	1028
(years,john)	1323
(years,july)	915
(years,june)	962
(years,known)	1642
(years,life)	1966
(years,made)	3135
(years,march)	1024
(years,national)	1276
(years,news)	1217
(years,north)	824
(years,november)	888
(years,october)	984
(years,org)	925
(years,part)	1318
(years,people)	1625
(years,population)	2948
(years,press)	861
(years,school)	1411
(years,september)	962
(years,south)	831
(years,state)	1339
(years,states)	1066
(years,three)	2655
(years,through)	1331
(years,time)	3357
(years,town)	1367
(years,two)	4184
(years,united)	1149
(years,university)	1477
(years,war)	2199
(years,world)	1989
(years,year)	2875
(years,years)	6534
(years,york)	1141
(york,age)	469
(york,american)	2698
(york,april)	1225
(york,area)	523
(york,both)	728
(york,century)	719
(york,city)	4594
(york,county)	1556
(york,december)	1091
(york,early)	971
(york,film)	1272
(york,first)	2278
(york,high)	602
(york,history)	1725
(york,including)	729
(york,january)	1089
(york,john)	1919
(york,july)	1278
(york,june)	1078
(york,known)	782
(york,life)	1369
(york,made)	854
(york,march)	1202
(york,national)	1096
(york,news)	1141
(york,north)	902
(york,november)	1003
(york,october)	1122
(york,org)	840
(york,part)	811
(york,people)	1187
(york,population)	230
(york,press)	2933
(york,school)	813
(york,september)	1306
(york,south)	651
(york,state)	3249
(york,states)	1667
(york,three)	828
(york,through)	751
(york,time)	1600
(york,town)	774
(york,two)	1497
(york,united)	1703
(york,university)	2580
(york,war)	1218
(york,world)	1928
(york,year)	1025
(york,years)	1141
(york,york)	12644
